#{"t_start": 1584152730.1752558, "env_id": "su_acrobot_cdc-v0"}
r,l,t
14.515512,51,1.428819
-35.767496,51,2.0837
-67.107714,51,2.743133
-61.893956,51,3.398237
-36.227394,51,4.054575
-15.724939,51,4.886452
-44.367745,51,5.543409
-27.965073,51,6.199777
-85.420793,51,6.849729
-33.519448,51,7.489062
-0.565784,51,8.218987
-90.378336,51,8.882608
-37.182515,51,9.547525
-46.919633,51,10.213238
-91.830899,51,10.885047
10.765754,51,11.595328
-36.384468,51,12.241307
-60.307093,51,12.911859
-0.591309,51,13.563728
-32.152778,51,14.221324
-3.831462,51,14.923701
-12.210806,51,15.564685
16.566407,51,16.21248
-1.724774,51,16.858955
-31.018245,51,17.508433
-21.360992,51,18.210931
3.279566,51,18.842596
17.033591,51,19.502956
-44.754897,51,20.143781
5.234119,51,20.812721
2.067131,51,21.53982
0.377034,51,22.190778
-8.540292,51,22.844802
-35.213146,51,23.505463
-17.097424,51,24.173001
-14.382194,51,24.91026
-77.354049,51,25.580626
-12.373922,51,26.253394
10.459825,51,26.926516
-13.008431,51,27.647622
-12.506835,51,28.378856
-59.942079,51,29.050662
-4.341512,51,29.746347
-1.172918,51,30.385135
-10.884196,51,31.027937
-11.361145,51,31.736795
-29.376026,51,32.390796
-19.695234,51,33.045352
-40.437533,51,33.693566
2.21614,51,34.343479
-19.640701,51,35.075811
-13.457629,51,35.716054
-43.912533,51,36.376961
5.050016,51,37.082863
3.388852,51,37.759885
-29.450604,51,38.484323
-84.040723,51,39.141383
-96.104863,51,39.799465
-1.373714,51,40.448995
-26.626829,51,41.101038
-67.93395,51,41.813997
-29.515863,51,42.462028
-56.441836,51,43.128724
-6.890706,51,43.814608
3.339558,51,44.479341
-22.230765,51,45.211284
-30.351424,51,45.881166
-32.889169,51,46.551651
-30.487337,51,47.22971
0.200352,51,47.911846
10.542402,51,48.64002
-8.55402,51,49.314456
-7.603036,51,49.958118
3.14483,51,50.622498
-29.57318,51,51.316655
-6.40134,51,52.033769
10.506286,51,52.697064
-27.272263,51,53.388991
-45.745958,51,54.107399
-27.148862,51,54.790219
11.412502,51,55.532503
4.036466,51,56.232257
-10.658626,51,56.951492
-4.040863,51,57.638062
-8.028112,51,58.346203
-13.410153,51,59.091111
-35.188644,51,59.772042
9.850239,51,60.443666
-4.52868,51,61.110732
-92.048561,51,61.810719
-14.422318,51,62.605026
-24.289515,51,63.260491
-0.6859,51,63.936467
-19.793613,51,64.588672
-13.696881,51,65.291693
-25.694499,51,66.073335
8.300675,51,66.781765
-34.503389,51,67.449005
13.874267,51,68.119654
4.046696,51,68.813026
8.951023,51,69.526052
6.173036,51,70.16887
-23.208794,51,70.80804
-1.086254,51,71.453591
-7.97075,51,72.109939
7.992732,51,72.842446
-38.902559,51,73.516774
-0.676161,51,74.16748
-18.709189,51,74.814714
-9.019595,51,75.459602
-2.928839,51,76.185291
-42.887701,51,76.847569
-16.624991,51,77.507849
-15.318883,51,78.189331
-2.820549,51,78.841056
-45.784057,51,79.555915
-18.029097,51,80.200206
-5.781284,51,80.848106
-2.465133,51,81.500352
-32.448647,51,82.185215
-24.13875,51,82.91264
-5.42493,51,83.574982
-19.437743,51,84.240885
5.946531,51,84.908954
-35.304209,51,85.570372
-11.06668,51,86.287935
1.470202,51,86.935773
-7.363591,51,87.580236
-11.195973,51,88.233897
-20.800313,51,88.883719
-26.577038,51,89.605362
3.367286,51,90.275945
4.755074,51,90.951908
-18.389277,51,91.634948
-20.293746,51,92.3083
-17.455557,51,93.039274
-8.223943,51,93.695555
3.565834,51,94.381811
-21.565355,51,95.042346
-7.789515,51,95.687204
-11.435304,51,96.395518
-74.087776,51,97.043235
9.280493,51,97.694387
12.628106,51,98.34503
-29.478658,51,98.991105
-5.217431,51,99.705534
-32.020461,51,100.356087
4.842451,51,101.014336
-31.967787,51,101.683499
-8.26076,51,102.346763
4.660827,51,103.070855
-1.549623,51,103.715363
-13.989765,51,104.36863
-8.860544,51,105.03544
3.867712,51,105.702285
1.158141,51,106.416415
-10.086105,51,107.062561
-31.069945,51,107.712824
-18.383671,51,108.374465
-3.172221,51,109.029155
6.837255,51,109.750893
4.16326,51,110.429053
-33.4721,51,111.103395
-3.579285,51,111.785402
-15.640618,51,112.424044
3.963131,51,113.122446
-6.292328,51,113.793631
-3.660825,51,114.457011
-12.564022,51,115.113262
-12.258013,51,115.780236
-0.30487,51,116.502135
-7.850791,51,117.142491
4.128341,51,117.787319
-50.336403,51,118.443554
-22.48183,51,119.092152
-33.637795,51,119.814281
-10.321706,51,120.485017
-10.550523,51,121.160152
-4.706186,51,121.836085
-9.843903,51,122.508542
-40.134805,51,123.23472
6.826809,51,123.886949
-8.930094,51,124.555517
-17.00483,51,125.22896
-3.698668,51,125.90193
2.253682,51,126.642478
6.818882,51,127.31427
7.10815,51,128.051714
-1.852145,51,128.723104
-20.415161,51,129.413094
8.424475,51,130.145384
-20.394424,51,130.81503
2.359774,51,131.496241
-2.291898,51,132.190073
0.734869,51,132.881504
-22.433621,51,133.607506
-20.579869,51,134.269282
7.372107,51,134.929378
-42.514822,51,135.587036
-8.537814,51,136.237868
7.658194,51,136.954934
10.289431,51,137.603156
-10.115678,51,138.251855
1.82048,51,138.907824
-20.455418,51,139.559733
-30.988327,51,140.274043
-7.573594,51,140.934762
-21.256228,51,141.608758
-9.912858,51,142.251343
-5.995285,51,142.901873
-1.52011,51,143.607908
5.370488,51,144.245664
7.115738,51,144.883291
3.556004,51,145.533713
-6.229693,51,146.202013
-14.664145,51,146.92387
-15.433151,51,147.600971
11.556103,51,148.26682
-0.791106,51,148.928069
0.222431,51,149.580709
-4.641965,51,150.295403
-21.111837,51,150.959545
-24.91926,51,151.631617
4.257333,51,152.301995
-4.375351,51,152.951693
-15.146046,51,153.662292
-3.89344,51,154.316462
-13.307702,51,154.9708
3.13823,51,155.645635
5.495428,51,156.298958
-10.570944,51,157.009877
3.492026,51,157.698356
-23.55418,51,158.377186
5.253604,51,159.049618
2.922931,51,159.699735
-6.402441,51,160.409805
-8.103422,51,161.060697
-6.019114,51,161.731255
2.213258,51,162.392182
-1.88485,51,163.04444
-18.053647,51,163.752593
-47.201691,51,164.425689
-10.201288,51,165.112628
-17.945398,51,165.760497
-13.761131,51,166.406443
-2.971103,51,167.110401
-8.948159,51,167.781457
-17.017988,51,168.449843
-4.432997,51,169.118553
-11.00909,51,169.789615
6.693284,51,170.531613
-11.126606,51,171.191478
-9.490869,51,171.840336
5.621272,51,172.490439
-2.203271,51,173.133999
-4.297384,51,173.786424
-39.397905,51,174.497919
-4.218599,51,175.152831
-14.41494,51,175.801265
9.611579,51,176.444293
-1.934877,51,177.085976
2.837485,51,177.785105
-13.77614,51,178.437958
-1.678974,51,179.102988
-1.636652,51,179.768581
17.532381,51,180.421155
-0.754601,51,181.156959
-37.928466,51,181.829409
-14.395118,51,182.518098
-19.255854,51,183.188442
-4.387597,51,183.85756
2.684582,51,184.583144
-12.919071,51,185.239922
-1.9469,51,185.902275
-0.005695,51,186.563449
0.799686,51,187.224093
-36.683508,51,187.930552
2.671897,51,188.579852
-24.820788,51,189.22967
-13.715463,51,189.879432
-19.120411,51,190.527058
1.572554,51,191.245538
-8.192607,51,191.893586
8.497117,51,192.542312
-10.701728,51,193.188864
1.290569,51,193.834415
-13.710832,51,194.56504
-51.065999,51,195.221409
-13.128628,51,195.889226
6.693155,51,196.548877
-8.166468,51,197.217609
0.657433,51,197.928825
-9.900485,51,198.600166
-8.085491,51,199.262822
8.535683,51,199.900325
4.39429,51,200.55739
-7.404641,51,201.290296
-13.39757,51,201.959619
4.992923,51,202.616881
-11.313838,51,203.260373
3.7337,51,203.907895
-28.474112,51,204.624076
-5.086943,51,205.272038
1.214043,51,205.923972
-2.397437,51,206.59809
-0.747073,51,207.278665
-2.337507,51,207.994007
2.868897,51,208.67187
-27.838823,51,209.323597
0.707386,51,209.96374
0.629209,51,210.611117
-6.442584,51,211.334726
-11.284821,51,211.995822
4.671513,51,212.664683
-33.200667,51,213.332617
-16.853583,51,214.003031
-6.861096,51,214.738781
3.965185,51,215.404955
5.64981,51,216.055393
-1.783783,51,216.709427
7.990804,51,217.383295
-4.999239,51,218.119914
-12.719017,51,218.756518
-5.448825,51,219.403815
-6.1803,51,220.050922
-1.32766,51,220.696884
-5.581656,51,221.425797
-1.048141,51,222.092494
-8.125286,51,222.777264
-6.092359,51,223.442743
4.878915,51,224.101587
-0.724692,51,224.84854
1.669706,51,225.544836
-18.627808,51,226.229521
-6.940089,51,226.90727
5.216537,51,227.562346
-7.874566,51,228.292598
-8.901351,51,228.953468
-35.058653,51,229.607303
-2.068881,51,230.261361
-10.993594,51,230.913274
12.31067,51,231.635272
-21.381312,51,232.30219
-1.616663,51,232.961756
1.455327,51,233.62106
-17.662058,51,234.281372
7.353933,51,235.012171
-2.230112,51,235.693473
4.284928,51,236.362076
-3.074647,51,237.029059
-14.738065,51,237.693121
-20.409933,51,238.40126
-3.340237,51,239.060589
-6.39932,51,239.712126
-39.69071,51,240.367222
4.476852,51,241.014658
-32.582792,51,241.727422
7.308468,51,242.388401
-5.92852,51,243.052004
-0.815642,51,243.708078
9.707322,51,244.358459
-11.747631,51,245.074242
-10.219798,51,245.726637
-7.050843,51,246.373685
-4.792591,51,247.026075
-6.511746,51,247.679036
1.265834,51,248.384034
4.698232,51,249.02853
-5.730987,51,249.673581
6.486313,51,250.323245
0.247643,51,250.975294
-26.188101,51,251.679928
-5.14002,51,252.327156
3.355295,51,252.985696
-15.924876,51,253.629268
8.628918,51,254.295376
1.425481,51,255.005942
2.785703,51,255.648648
-15.219256,51,256.294945
-7.262438,51,256.939588
-13.872929,51,257.596884
-20.008634,51,258.311813
-6.94252,51,258.973727
-2.307572,51,259.635633
0.071573,51,260.299614
-5.756706,51,260.963351
-16.020635,51,261.673742
-14.535272,51,262.334909
-7.936109,51,263.001204
10.055007,51,263.653797
-6.122472,51,264.31422
-1.094984,51,265.027632
-23.563912,51,265.701224
-3.243528,51,266.355955
-13.904581,51,267.015315
-4.840451,51,267.675903
-1.172904,51,268.398914
-6.148958,51,269.068761
-23.461005,51,269.709126
-8.819778,51,270.349768
-0.009512,51,270.992729
-2.643605,51,271.704157
-12.315119,51,272.353247
-0.211508,51,273.008643
-21.110637,51,273.668797
-17.604892,51,274.329121
-7.119468,51,275.053751
-0.317776,51,275.71191
-0.629443,51,276.362718
3.916641,51,277.01414
-1.031761,51,277.654504
-14.656722,51,278.363226
-1.774394,51,279.021283
17.968205,51,279.667332
0.197492,51,280.328101
-14.490504,51,280.969734
-10.651467,51,281.67901
0.269448,51,282.32616
-6.64138,51,282.968145
2.765104,51,283.615276
-30.36207,51,284.25689
-0.833688,51,284.961592
6.375656,51,285.61282
-6.731151,51,286.266324
-11.598562,51,286.937084
-11.876976,51,287.592747
-3.74223,51,288.291108
-3.849958,51,288.941581
-7.845212,51,289.590348
5.034811,51,290.241822
2.746708,51,290.894358
-18.063889,51,291.604308
3.388798,51,292.258748
-14.022079,51,292.902803
-7.595468,51,293.553362
6.832616,51,294.190117
-18.127046,51,294.911561
-6.319763,51,295.563275
-1.559352,51,296.216208
11.584997,51,296.865013
10.086465,51,297.517616
13.868583,51,298.233436
-22.001125,51,298.882294
-23.10171,51,299.53331
-0.142078,51,300.183854
-17.374101,51,300.831777
-9.361161,51,301.535273
-0.703814,51,302.189205
5.729561,51,302.854394
-4.916317,51,303.522234
-12.184544,51,304.187496
-0.611648,51,304.903435
8.362385,51,305.565863
-13.384766,51,306.237556
-3.524771,51,306.892865
-7.148836,51,307.542178
1.064438,51,308.250519
8.653082,51,308.9112
4.811103,51,309.577601
-5.846125,51,310.227446
-19.064331,51,310.906873
-10.667099,51,311.644993
5.074166,51,312.328939
-11.644011,51,312.991477
2.046318,51,313.65602
-7.863798,51,314.294902
-38.779949,51,315.007304
13.518856,51,315.686581
-22.246981,51,316.34974
-3.808631,51,317.028635
-30.61886,51,317.691087
-3.48939,51,318.405076
12.266309,51,319.082839
12.22369,51,319.74414
3.749388,51,320.40877
-4.689635,51,321.071409
-9.290733,51,321.795808
-10.684284,51,322.47165
5.260762,51,323.137088
-9.24003,51,323.795876
-15.178004,51,324.453258
-8.92742,51,325.172175
-2.546184,51,325.87181
4.533529,51,326.56293
-14.925519,51,327.248927
3.365279,51,327.927841
-16.115839,51,328.645677
-0.668257,51,329.305354
-5.154907,51,329.952459
-12.842521,51,330.60138
-10.388782,51,331.255868
-10.381394,51,331.97153
-8.654483,51,332.643602
-2.908536,51,333.304536
16.386705,51,333.966726
-8.559396,51,334.63181
-12.786888,51,335.356254
0.257473,51,336.022118
3.211459,51,336.667011
3.714457,51,337.312705
4.569152,51,337.959164
-10.212471,51,338.664314
4.89462,51,339.320591
-24.130118,51,339.975164
-0.703021,51,340.631696
-1.562282,51,341.28383
-1.133975,51,341.998842
-56.615171,51,342.659585
-13.705775,51,343.330437
2.875036,51,343.993663
16.263511,51,344.648412
2.391401,51,345.302072
-6.330276,51,346.015061
-15.819208,51,346.672604
7.372324,51,347.335503
5.467602,51,347.987816
-4.014523,51,348.637962
-9.233369,51,349.358608
9.200201,51,349.996475
-16.42088,51,350.657775
0.436377,51,351.303267
-5.988396,51,351.950615
-4.601171,51,352.663794
-0.57301,51,353.304093
-1.92356,51,353.948147
-17.902502,51,354.590011
5.559713,51,355.234656
-20.245505,51,355.943991
-8.128283,51,356.59089
-10.666586,51,357.236073
-5.035735,51,357.8838
-9.553331,51,358.534142
-16.422829,51,359.277968
2.456257,51,359.933149
-7.363112,51,360.581515
-1.881459,51,361.240152
-7.03856,51,361.885739
-12.503705,51,362.614374
-4.41923,51,363.275905
9.639351,51,363.953262
7.436389,51,364.601846
12.855717,51,365.257693
6.04348,51,365.977807
-13.786439,51,366.630243
-0.636435,51,367.291187
-0.20939,51,367.93674
-5.394354,51,368.58189
-37.730766,51,369.314024
-19.954411,51,369.975595
6.503964,51,370.640727
10.788771,51,371.311462
-11.999432,51,371.979751
-27.075237,51,372.694262
-8.658029,51,373.344457
-2.674801,51,373.997331
-3.294966,51,374.643681
14.590961,51,375.288784
-4.799574,51,376.001029
-1.677186,51,376.655577
-16.960504,51,377.317117
-14.074226,51,377.959269
11.710041,51,378.601666
-20.981401,51,379.312567
-2.774326,51,379.965721
-3.157496,51,380.621238
-3.585293,51,381.282327
-4.64503,51,381.924011
-3.370458,51,382.653933
0.412582,51,383.316742
-9.318104,51,383.976108
-2.967197,51,384.64097
-7.373038,51,385.303713
-5.125016,51,386.026275
-5.833484,51,386.674472
2.826087,51,387.335878
14.487941,51,387.988036
-18.398375,51,388.633229
0.31532,51,389.343148
19.207706,51,389.985834
2.625495,51,390.633187
-0.13775,51,391.276564
-6.990084,51,391.921223
-2.513248,51,392.641955
-12.007514,51,393.296812
13.038218,51,393.953405
0.144752,51,394.607311
5.306367,51,395.257077
5.562993,51,395.980351
1.569026,51,396.637445
3.546038,51,397.303702
4.381359,51,397.946441
-9.078102,51,398.59332
-7.474354,51,399.306984
5.961226,51,399.951163
-6.961125,51,400.61151
-10.689189,51,401.261222
-4.388008,51,401.910943
-0.264425,51,402.61955
-9.911068,51,403.267571
4.532289,51,403.928998
-11.998467,51,404.605909
-4.903517,51,405.260278
11.856013,51,405.970463
4.956733,51,406.627267
6.213738,51,407.275403
-6.266449,51,407.922178
-2.604939,51,408.567962
-0.077579,51,409.278744
-7.503665,51,409.921795
-6.811638,51,410.572664
-2.993933,51,411.222819
10.162606,51,411.873072
7.333975,51,412.595712
6.255527,51,413.236775
-4.745983,51,413.909982
-2.302101,51,414.593463
7.37885,51,415.271241
-10.313151,51,416.01264
-2.079344,51,416.663168
-6.174085,51,417.316245
5.029795,51,417.966613
-5.242567,51,418.618722
-13.31803,51,419.327566
20.558611,51,419.981166
-12.881534,51,420.635964
-14.335595,51,421.292277
-7.613498,51,421.946271
1.709887,51,422.665358
15.451802,51,423.340859
4.016274,51,424.01634
-4.754791,51,424.676047
-8.669755,51,425.341168
-13.236249,51,426.079388
0.834384,51,426.764157
-9.375496,51,427.429559
-7.66875,51,428.097388
-8.73024,51,428.777395
4.866202,51,429.492736
-1.605478,51,430.152297
1.94833,51,430.821234
4.069233,51,431.476107
-12.080269,51,432.13564
-15.357776,51,432.853269
-7.821372,51,433.504811
-4.678873,51,434.174616
1.12242,51,434.841578
-4.407117,51,435.50116
8.362295,51,436.208532
-3.206279,51,436.854477
6.230003,51,437.504769
8.137378,51,438.145725
7.477908,51,438.792789
-15.134093,51,439.512512
9.025585,51,440.168903
-10.88793,51,440.828152
16.028012,51,441.482388
6.024584,51,442.125366
-19.526625,51,442.844646
5.24685,51,443.487298
-11.684951,51,444.142944
-21.220957,51,444.786952
11.441979,51,445.43256
-0.592401,51,446.152591
1.094805,51,446.805693
9.645096,51,447.46243
2.252655,51,448.115679
-12.790509,51,448.772498
4.939074,51,449.49282
12.51415,51,450.147621
-15.262867,51,450.813311
-1.458474,51,451.476522
-5.512912,51,452.119136
5.234736,51,452.834123
0.706818,51,453.481036
-21.985358,51,454.145101
14.303242,51,454.802467
-11.241162,51,455.464994
7.810368,51,456.184667
-27.087165,51,456.823522
10.774902,51,457.470236
-9.012404,51,458.121193
0.82412,51,458.782132
-6.124698,51,459.499907
-15.233164,51,460.143421
-7.325295,51,460.792761
-6.356136,51,461.439319
4.320114,51,462.087289
-11.408537,51,462.806893
-22.601518,51,463.470078
-0.526958,51,464.148703
-0.181084,51,464.795688
-21.16481,51,465.442826
-14.089985,51,466.149029
2.291584,51,466.80973
-1.232791,51,467.464164
2.323681,51,468.114911
-0.192438,51,468.783418
1.871167,51,469.503956
-3.04961,51,470.153171
-15.862611,51,470.804043
2.533142,51,471.447471
-3.054582,51,472.096366
-6.259278,51,472.8087
9.088172,51,473.450205
16.800567,51,474.103053
10.748697,51,474.761948
-1.443428,51,475.426512
6.674749,51,476.164754
-1.666958,51,476.815819
-9.981295,51,477.482112
-13.034645,51,478.143653
-6.730061,51,478.809185
6.506548,51,479.515198
10.074184,51,480.163761
-24.737979,51,480.84064
-1.524999,51,481.490203
9.106699,51,482.140842
-8.756776,51,482.850312
-1.545851,51,483.500316
-2.745642,51,484.156081
3.152666,51,484.806773
-9.317466,51,485.493757
-18.923792,51,486.197845
18.678532,51,486.853909
0.970437,51,487.517809
-17.832581,51,488.178652
1.254505,51,488.841199
-0.54187,51,489.561204
1.293196,51,490.215573
-8.70692,51,490.893461
-5.942855,51,491.551845
-26.854275,51,492.225908
10.414418,51,492.958869
2.793658,51,493.621269
-2.976112,51,494.283382
11.618959,51,494.942893
-3.665046,51,495.590516
-22.400877,51,496.315475
-11.515304,51,496.984917
-4.755928,51,497.650582
0.335411,51,498.327372
8.469321,51,498.99457
4.911208,51,499.719948
-9.993874,51,500.38994
22.188225,51,501.057174
11.854445,51,501.714582
-22.278266,51,502.365899
-7.911235,51,503.104876
-11.46746,51,503.785997
-1.203405,51,504.476075
-0.828959,51,505.137884
13.028498,51,505.810725
-18.941623,51,506.540252
-14.723616,51,507.201644
-2.382471,51,507.873795
6.844305,51,508.550802
-5.938012,51,509.212306
-4.536175,51,509.926223
-13.362638,51,510.583138
-9.146531,51,511.245418
-13.346417,51,511.915835
4.548144,51,512.581696
-7.312271,51,513.302814
-1.597419,51,513.96886
-22.521877,51,514.631496
-3.051987,51,515.301705
-1.800342,51,515.978323
6.319938,51,516.649453
5.677056,51,517.372704
0.43513,51,518.03276
-6.438877,51,518.687547
-5.129001,51,519.337941
13.44742,51,519.993146
13.223816,51,520.698837
-11.552127,51,521.354998
-6.324428,51,521.998577
-12.395285,51,522.644346
13.518387,51,523.308883
6.436532,51,524.020762
-0.019095,51,524.687063
-22.395637,51,525.35111
-6.678437,51,525.999892
11.327593,51,526.652374
1.053558,51,527.368893
-9.353663,51,528.023283
-3.290152,51,528.666405
-4.954502,51,529.318763
-3.799343,51,529.968456
10.470761,51,530.693658
-7.091842,51,531.362182
-0.677217,51,532.025534
-7.065632,51,532.679776
14.979232,51,533.326218
-6.475719,51,534.023961
-8.885266,51,534.669133
-6.995293,51,535.320072
-7.545212,51,535.978097
8.15856,51,536.626452
-10.149219,51,537.336397
-13.320921,51,537.981497
3.764263,51,538.638333
-2.844828,51,539.284508
-15.325756,51,539.94295
9.932439,51,540.64688
-3.898685,51,541.298647
0.172795,51,541.942084
-15.937216,51,542.584553
-6.051727,51,543.229075
13.724463,51,543.946434
-9.254698,51,544.599867
-12.976528,51,545.250422
-11.045284,51,545.906822
-5.974145,51,546.572849
-4.183524,51,547.28599
-3.278644,51,547.935555
0.750725,51,548.583172
-2.916788,51,549.248777
-5.297975,51,549.899037
0.32213,51,550.614473
-16.344004,51,551.277299
-12.955842,51,551.928452
-6.137492,51,552.580466
-14.489744,51,553.231746
4.585027,51,553.946545
8.53663,51,554.592585
-0.469175,51,555.236105
-4.577692,51,555.876478
1.289601,51,556.525544
-1.008213,51,557.227147
9.090495,51,557.876064
-14.938833,51,558.516701
-3.655644,51,559.173699
-0.466877,51,559.830085
-7.919951,51,560.55319
-11.04968,51,561.216503
3.712069,51,561.859547
-9.820621,51,562.506745
-7.84105,51,563.150073
-18.715888,51,563.88041
-12.626108,51,564.537705
-4.522913,51,565.202781
-2.968713,51,565.852517
-10.022421,51,566.509878
3.862363,51,567.220383
9.205381,51,567.869596
-2.778495,51,568.530171
-1.677071,51,569.17819
-16.58373,51,569.82077
1.856123,51,570.524529
-3.686656,51,571.178162
-19.33451,51,571.831902
2.802057,51,572.474046
10.323464,51,573.121982
-14.795748,51,573.827172
-9.479197,51,574.47464
13.223611,51,575.12414
-3.691143,51,575.769567
-2.750384,51,576.416427
-3.462608,51,577.139027
9.471956,51,577.793952
-10.666845,51,578.446581
8.641396,51,579.112661
7.402643,51,579.775475
6.369403,51,580.515995
5.566764,51,581.198643
5.706141,51,581.876873
1.581612,51,582.551103
9.489614,51,583.193904
-14.087559,51,583.957059
-9.195125,51,584.632385
8.99608,51,585.309449
-15.78144,51,585.992995
-2.592198,51,586.653182
-0.926815,51,587.364856
-5.719618,51,588.016093
-7.93948,51,588.68376
-10.218269,51,589.351298
4.967655,51,590.019868
6.508038,51,590.752168
-18.246145,51,591.423283
-7.317467,51,592.069439
5.750814,51,592.716557
10.55524,51,593.370367
12.743431,51,594.092404
-12.336562,51,594.760436
0.448917,51,595.425716
0.961208,51,596.073694
-1.331497,51,596.723544
-10.20111,51,597.444063
-20.914828,51,598.097388
9.664663,51,598.763264
-2.142954,51,599.419767
-2.785756,51,600.077793
-3.230781,51,600.77894
-8.15975,51,601.422018
-14.264319,51,602.081953
1.905188,51,602.736008
5.325117,51,603.392168
4.222362,51,604.114832
-5.281855,51,604.760835
8.345621,51,605.410563
-7.18779,51,606.051361
4.347218,51,606.704443
-12.49183,51,607.43196
-8.178301,51,608.101243
6.299574,51,608.757733
14.21134,51,609.40645
-0.675795,51,610.05529
-1.478932,51,610.776989
-16.673162,51,611.436964
12.459812,51,612.097055
2.407713,51,612.751878
9.149338,51,613.403871
0.413747,51,614.111354
-1.000685,51,614.756073
-5.895636,51,615.399567
-10.987775,51,616.04777
13.388231,51,616.70348
5.943305,51,617.429911
-25.171076,51,618.101878
5.560564,51,618.777001
7.813328,51,619.434863
4.604573,51,620.098047
-1.190285,51,620.803569
-23.631586,51,621.456372
0.541656,51,622.111882
0.713175,51,622.789955
0.782608,51,623.471637
11.403154,51,624.20239
10.275093,51,624.851751
-15.13541,51,625.503291
-7.789972,51,626.159656
0.048773,51,626.821679
2.183262,51,627.537366
12.257136,51,628.185027
5.872595,51,628.838758
-1.639062,51,629.503288
1.947722,51,630.178591
3.071034,51,630.897202
4.139105,51,631.546289
1.704657,51,632.197527
-8.813983,51,632.854075
-8.995491,51,633.51772
-12.888874,51,634.231793
3.380923,51,634.900624
6.180868,51,635.570338
-20.159169,51,636.23586
5.098179,51,636.905744
12.517834,51,637.63476
-10.192004,51,638.292941
8.471027,51,638.949834
-8.847415,51,639.604704
-2.852676,51,640.262088
2.094015,51,640.982456
-5.28339,51,641.642632
1.717256,51,642.306279
6.422517,51,642.970675
14.355525,51,643.634815
13.474682,51,644.354149
-6.37071,51,645.015851
9.872099,51,645.670942
-0.570435,51,646.31413
-3.637583,51,646.972109
2.310509,51,647.680133
-9.531602,51,648.348083
-7.121008,51,649.007244
-20.470441,51,649.660338
-4.087846,51,650.322547
-2.674826,51,651.039876
-10.002155,51,651.692316
14.878008,51,652.349175
2.584603,51,652.995521
5.016975,51,653.653796
7.02027,51,654.373387
-12.980537,51,655.039506
-3.290764,51,655.701727
6.427146,51,656.361411
-5.551411,51,657.022666
0.827065,51,657.7442
4.328941,51,658.392743
-5.646992,51,659.042487
-23.894125,51,659.690001
-10.241742,51,660.334901
1.244244,51,661.032807
11.798074,51,661.69759
15.652692,51,662.370921
2.016066,51,663.049042
-7.928301,51,663.717981
-5.745814,51,664.443254
1.436672,51,665.119743
-1.713916,51,665.779867
-12.228112,51,666.418452
-13.090187,51,667.08398
5.912482,51,667.79793
18.5839,51,668.462244
4.479494,51,669.134538
0.393405,51,669.797096
-9.17493,51,670.471357
-0.612092,51,671.201055
0.291586,51,671.856397
-6.487196,51,672.556811
-23.490674,51,673.21336
-13.327879,51,673.864357
-11.721742,51,674.57732
-6.076313,51,675.230446
2.257738,51,675.883378
-0.537104,51,676.541845
-3.39901,51,677.222425
-1.778562,51,677.953768
-30.293624,51,678.644962
10.486453,51,679.314424
-8.22233,51,679.963049
-8.675924,51,680.628878
-5.463621,51,681.342644
8.122891,51,681.986986
4.369145,51,682.642302
8.95445,51,683.286177
-4.624652,51,683.938845
3.025149,51,684.656601
-17.371794,51,685.332738
-0.230373,51,685.992948
6.534866,51,686.633084
-0.724391,51,687.303074
1.363267,51,687.957181
-8.55319,51,688.676366
13.105995,51,689.341635
11.631481,51,689.998849
0.084159,51,690.674178
2.656804,51,691.314437
-0.504799,51,692.01795
2.45006,51,692.678229
9.410168,51,693.330492
-3.768426,51,693.984231
7.891757,51,694.633085
3.122487,51,695.361575
-0.692709,51,696.016969
11.336023,51,696.692805
-5.339858,51,697.359939
5.258201,51,698.007663
-7.401997,51,698.71756
9.364234,51,699.367523
-4.92942,51,700.018575
8.027149,51,700.668553
-13.329319,51,701.316813
4.121421,51,702.025762
16.205466,51,702.681177
-3.457002,51,703.333897
15.124726,51,703.992557
-3.441378,51,704.647511
-17.002545,51,705.360111
-6.655721,51,706.033214
-19.717125,51,706.707706
-16.83525,51,707.38465
4.821225,51,708.055891
-4.680374,51,708.776626
-2.306547,51,709.440767
-4.397041,51,710.090375
-5.659821,51,710.744613
7.29553,51,711.398881
0.342799,51,712.106636
3.150761,51,712.760572
-1.262423,51,713.42178
0.449689,51,714.069273
-3.101027,51,714.715306
-11.78684,51,715.414776
14.097764,51,716.060861
2.674807,51,716.708226
5.224528,51,717.360189
12.175649,51,718.012106
10.813591,51,718.718834
-11.304778,51,719.367058
-1.531449,51,720.014455
10.326587,51,720.674917
-10.64597,51,721.331939
-10.541771,51,722.036542
2.131661,51,722.710866
6.989693,51,723.34909
-6.941322,51,723.989529
5.767927,51,724.657963
-10.127724,51,725.36961
-3.013233,51,726.016132
11.032019,51,726.666316
-18.111131,51,727.313725
-9.788701,51,727.960595
7.760716,51,728.671429
7.56811,51,729.323323
-8.397311,51,729.977476
-0.406552,51,730.633067
6.858232,51,731.291521
3.457613,51,732.001272
-10.769101,51,732.649851
1.182851,51,733.297426
-5.65479,51,733.944107
-9.510797,51,734.593753
9.519519,51,735.306091
-1.802175,51,735.958975
-10.320924,51,736.609323
-20.358914,51,737.278792
-16.380638,51,737.939444
4.700083,51,738.663974
-11.708385,51,739.320338
-20.953726,51,739.968033
0.764092,51,740.621574
2.493924,51,741.270503
-6.057146,51,742.015023
-18.152858,51,742.671787
10.047115,51,743.320782
-1.002824,51,743.982953
-8.354463,51,744.64273
-22.6795,51,745.349243
-7.635041,51,746.004276
-1.541132,51,746.653501
7.702613,51,747.307694
-10.129037,51,747.958609
11.48717,51,748.683893
13.621263,51,749.361787
-6.580957,51,750.028493
-0.431695,51,750.678493
-0.589739,51,751.336272
6.425369,51,752.055516
-0.839914,51,752.695659
10.415482,51,753.357146
7.002171,51,754.01427
-7.835486,51,754.678715
0.352292,51,755.405619
-1.484336,51,756.061152
-10.80646,51,756.723327
4.397285,51,757.376053
-6.085759,51,758.032568
-13.436343,51,758.74164
-3.880751,51,759.394033
-9.107484,51,760.053925
10.147195,51,760.71739
-7.227878,51,761.382308
-7.376761,51,762.095078
-11.45803,51,762.742967
3.594526,51,763.395831
4.269734,51,764.071329
-5.110087,51,764.735669
12.648183,51,765.470756
-13.492754,51,766.125545
12.357372,51,766.786139
-5.939275,51,767.461528
15.678322,51,768.116684
-10.012208,51,768.832128
-11.971216,51,769.47339
-9.130944,51,770.121648
1.696405,51,770.77879
5.099617,51,771.450942
-10.420634,51,772.161701
7.579454,51,772.819108
-0.949514,51,773.474177
-12.107101,51,774.119173
-11.121014,51,774.767967
-6.915985,51,775.46509
0.38137,51,776.109407
-30.027086,51,776.76129
6.022279,51,777.418739
-4.978894,51,778.071454
3.327379,51,778.785099
-5.741443,51,779.434647
7.720027,51,780.079103
-2.471202,51,780.718123
1.676516,51,781.363689
-19.084937,51,782.081497
-0.787124,51,782.760146
-11.305155,51,783.430645
12.622259,51,784.093299
20.294276,51,784.734789
-23.8215,51,785.44436
-2.088203,51,786.109692
-5.767472,51,786.779907
2.352661,51,787.460302
-9.2902,51,788.144999
4.656871,51,788.857597
-3.736944,51,789.505516
20.234434,51,790.158164
-6.893575,51,790.819756
-7.951973,51,791.477796
-2.6937,51,792.199914
-6.391258,51,792.875592
-3.33021,51,793.542568
-6.293367,51,794.201984
0.685396,51,794.850549
3.986244,51,795.570437
2.918816,51,796.245784
-0.569968,51,796.956047
15.645805,51,797.643513
-4.424792,51,798.291758
6.791157,51,798.997586
7.257229,51,799.646691
-0.00989,51,800.298969
-18.905656,51,800.951907
-22.675087,51,801.601068
12.993476,51,802.318645
-10.697407,51,802.981503
1.969791,51,803.649218
7.0331,51,804.325485
-11.029359,51,804.991991
10.214216,51,805.717292
17.32063,51,806.360203
16.43817,51,807.008994
-3.684795,51,807.659476
-13.697011,51,808.309362
14.409546,51,809.020496
-1.703564,51,809.689514
11.129505,51,810.354008
8.846699,51,811.013263
-11.919923,51,811.656085
3.496851,51,812.375215
-2.008277,51,813.030706
3.820705,51,813.690433
-14.07902,51,814.357867
-3.669044,51,815.006434
-11.646485,51,815.717457
3.594689,51,816.376193
10.769992,51,817.030731
11.061873,51,817.686084
0.543083,51,818.341625
-17.536561,51,819.060644
-1.365046,51,819.720667
-9.586241,51,820.3871
3.729378,51,821.058943
-12.838192,51,821.727858
-3.538489,51,822.439939
-3.872332,51,823.10176
-13.753091,51,823.77686
12.946874,51,824.429201
-7.256646,51,825.097889
8.729013,51,825.829233
1.019635,51,826.474669
5.175778,51,827.124108
2.44328,51,827.781911
-13.420705,51,828.453774
0.439214,51,829.168299
-3.892477,51,829.80738
-6.027673,51,830.451467
2.196146,51,831.109956
-8.467546,51,831.769733
-3.922976,51,832.498149
2.499267,51,833.144886
9.026728,51,833.801151
-3.364282,51,834.455964
-9.31667,51,835.100139
0.325673,51,835.80486
13.823651,51,836.458832
-2.165693,51,837.118977
-0.246397,51,837.771643
-8.880263,51,838.433992
-4.494068,51,839.176327
-10.1839,51,839.835129
-12.945532,51,840.51263
4.815172,51,841.16913
1.178668,51,841.832984
14.157153,51,842.539684
-7.565193,51,843.204649
-1.86616,51,843.880395
-10.412379,51,844.55753
2.343225,51,845.209706
9.734612,51,845.919228
0.795871,51,846.602319
5.760998,51,847.277761
15.611888,51,847.950082
0.619046,51,848.609055
-4.873626,51,849.328017
9.846943,51,849.991053
2.734752,51,850.674648
-7.500025,51,851.354834
-2.020151,51,852.007153
0.625298,51,852.715884
-12.283568,51,853.381809
-9.3434,51,854.053194
-13.102456,51,854.727959
4.414196,51,855.376742
8.934639,51,856.078787
-3.181937,51,856.731083
-3.596794,51,857.409876
-0.389526,51,858.061856
-4.543515,51,858.714661
-29.396572,51,859.382399
-12.766866,51,860.102082
4.066345,51,860.763209
-15.239352,51,861.429003
-7.177026,51,862.083042
1.611336,51,862.74909
-2.99991,51,863.456477
-7.882694,51,864.10919
16.571357,51,864.755738
6.639197,51,865.397264
-0.463766,51,866.041235
7.789506,51,866.741616
-1.171578,51,867.389054
11.036108,51,868.04876
6.602369,51,868.727404
4.006433,51,869.377324
7.460598,51,870.099675
-11.379753,51,870.759905
2.248399,51,871.424422
9.703834,51,872.078152
-7.57107,51,872.73499
-10.189843,51,873.439906
-3.734528,51,874.104808
-5.40877,51,874.780527
7.466132,51,875.463562
8.082279,51,876.145669
2.938349,51,876.875529
6.036195,51,877.547361
1.815443,51,878.219221
6.20199,51,878.895251
-7.28437,51,879.563249
0.981662,51,880.285151
-6.837147,51,880.95809
-7.044598,51,881.646841
2.648904,51,882.292333
9.035372,51,882.941329
1.12872,51,883.659889
4.681049,51,884.305251
14.032576,51,884.95976
20.296933,51,885.599595
5.448601,51,886.246757
-3.135433,51,886.968122
6.324062,51,887.636573
-6.097084,51,888.289126
-4.171024,51,888.937845
6.020708,51,889.583599
8.466805,51,890.291698
-5.466773,51,890.954843
-7.255617,51,891.613305
11.230974,51,892.284408
0.550465,51,892.953855
-2.775351,51,893.67748
6.765177,51,894.330641
-0.02976,51,894.979508
-7.23827,51,895.624294
2.281275,51,896.270292
-8.519373,51,896.997033
-3.297496,51,897.664442
-12.957289,51,898.32781
8.06283,51,898.968367
-12.233564,51,899.60801
-4.047199,51,900.318424
-2.543402,51,900.980694
-23.819948,51,901.647331
-8.319782,51,902.288859
-5.33954,51,902.953408
2.370364,51,903.663141
-5.48871,51,904.323707
-1.922205,51,905.013197
-2.539877,51,905.687879
2.524717,51,906.367353
8.683972,51,907.097314
6.777027,51,907.763303
-2.189955,51,908.437404
-4.046178,51,909.103577
-8.413268,51,909.765972
6.358293,51,910.490112
13.373554,51,911.159546
-19.067101,51,911.830723
-6.902137,51,912.476522
5.214046,51,913.116146
-4.176431,51,913.823555
-2.395731,51,914.505908
10.407445,51,915.191133
1.304416,51,915.861881
-3.797717,51,916.526881
-6.516363,51,917.25174
-4.147822,51,917.927862
-13.531578,51,918.595929
-5.215648,51,919.249797
7.915748,51,919.894722
5.201371,51,920.616151
-6.709419,51,921.290648
-0.518096,51,921.957524
2.994957,51,922.63273
2.158226,51,923.301529
-13.384953,51,924.019853
-9.701744,51,924.66216
4.896772,51,925.305403
-11.743718,51,925.94467
-7.479968,51,926.582952
0.670584,51,927.289646
1.226025,51,927.944151
-8.931585,51,928.608521
-6.040954,51,929.254901
7.036611,51,929.901727
-8.635442,51,930.606509
14.134673,51,931.255635
13.042165,51,931.9293
2.950972,51,932.594723
-4.459894,51,933.245895
-1.115979,51,933.970734
-1.960466,51,934.640835
-8.23251,51,935.302779
15.329517,51,935.962055
1.257841,51,936.617398
-7.58885,51,937.334049
-3.508515,51,937.986397
0.280328,51,938.652846
1.024737,51,939.300965
1.024687,51,939.950292
7.234844,51,940.659035
6.403252,51,941.31016
-2.701924,51,941.96324
-4.330532,51,942.617379
1.09125,51,943.270637
-3.948924,51,943.984633
-7.178172,51,944.653274
2.262903,51,945.309357
-5.890302,51,945.957584
10.65825,51,946.603149
2.890961,51,947.314374
2.016167,51,947.983614
3.114608,51,948.643713
-3.027453,51,949.296113
-3.009756,51,949.95304
-10.331975,51,950.674011
6.095798,51,951.329129
6.477748,51,951.977248
-21.100889,51,952.631144
8.671468,51,953.286116
1.642984,51,954.006314
4.666836,51,954.667205
1.358229,51,955.318112
-17.632399,51,955.968909
4.917824,51,956.616786
-5.190853,51,957.324214
2.687586,51,957.976214
-4.204013,51,958.632529
5.792547,51,959.283979
-0.186437,51,959.939973
-6.626451,51,960.656797
2.387303,51,961.30812
-12.649706,51,961.965341
-1.18861,51,962.613492
6.219464,51,963.259778
1.275611,51,963.96246
-0.240547,51,964.609656
-7.104603,51,965.260838
-6.792014,51,965.913317
6.94665,51,966.56045
-8.931677,51,967.265843
0.20997,51,967.93228
-9.964258,51,968.584855
-6.766079,51,969.235064
2.530566,51,969.883018
-10.032422,51,970.604167
1.874267,51,971.267946
-0.307859,51,971.927167
-1.547887,51,972.583873
8.610569,51,973.233323
-2.910144,51,973.94264
5.805547,51,974.610969
-13.861728,51,975.275017
12.778569,51,975.93214
-5.644453,51,976.589679
-13.706318,51,977.33843
-7.878577,51,977.99876
-7.330499,51,978.660459
-4.457312,51,979.306147
-1.861598,51,979.95548
7.159512,51,980.665379
-3.824878,51,981.328544
-5.062603,51,982.000389
-22.205936,51,982.663333
1.199509,51,983.315159
2.001482,51,984.025449
9.221904,51,984.677943
3.034826,51,985.33393
-0.377685,51,985.990388
-0.061654,51,986.645598
-6.520626,51,987.355621
-9.876763,51,988.008789
3.090469,51,988.67031
9.677048,51,989.316633
-2.096452,51,989.968609
-1.129706,51,990.677489
-0.224514,51,991.344817
-8.205135,51,992.005171
-5.342706,51,992.655155
-6.580391,51,993.30451
-4.961045,51,994.008235
-7.392408,51,994.657062
6.703017,51,995.319179
-7.903507,51,995.970594
1.112157,51,996.6284
-2.315416,51,997.338126
-12.744796,51,997.980117
-2.47533,51,998.630852
-9.409009,51,999.282076
-13.887945,51,999.92709
4.413788,51,1000.639567
-4.295768,51,1001.289977
-8.123894,51,1001.954702
5.080754,51,1002.614909
-5.342389,51,1003.283609
3.255855,51,1004.00203
-0.719323,51,1004.652069
-14.96875,51,1005.314446
1.492545,51,1005.971379
-2.834534,51,1006.635734
-0.77875,51,1007.353392
2.540377,51,1008.0151
14.066792,51,1008.696595
3.43201,51,1009.359133
-3.317851,51,1010.017835
-0.07667,51,1010.7471
-7.45198,51,1011.397461
4.856855,51,1012.059064
-16.100174,51,1012.708471
3.44372,51,1013.364457
-1.128994,51,1014.088463
5.89988,51,1014.741708
1.653998,51,1015.418059
5.651493,51,1016.087132
1.640329,51,1016.738305
1.16918,51,1017.458996
-4.082386,51,1018.111561
0.196543,51,1018.773459
-19.466436,51,1019.429648
-4.696107,51,1020.07025
9.403378,51,1020.770979
2.38049,51,1021.427215
-8.868014,51,1022.092672
12.344245,51,1022.75243
-0.081594,51,1023.39648
5.481624,51,1024.112425
0.823436,51,1024.776438
10.847488,51,1025.437753
2.315531,51,1026.085158
-18.569796,51,1026.731363
-3.50982,51,1027.437258
2.24256,51,1028.089112
-9.439016,51,1028.744385
0.825826,51,1029.396151
-3.493208,51,1030.053559
3.899752,51,1030.711309
-2.689926,51,1031.428809
5.219982,51,1032.088652
6.160499,51,1032.748766
-6.006083,51,1033.417347
2.730748,51,1034.085523
-8.474524,51,1034.823359
2.261221,51,1035.540079
-4.477363,51,1036.193112
-11.187635,51,1036.875462
-10.057646,51,1037.523814
3.483776,51,1038.23936
-6.183919,51,1038.901158
-10.794295,51,1039.552211
8.562065,51,1040.215552
1.517338,51,1040.861437
-7.123711,51,1041.58349
-3.531987,51,1042.251825
5.035427,51,1042.916293
0.928444,51,1043.570669
10.198663,51,1044.220882
-2.082839,51,1044.947285
3.542645,51,1045.604559
-7.639084,51,1046.277801
-5.266572,51,1046.9436
6.54716,51,1047.601205
-10.918293,51,1048.320388
-7.444587,51,1048.980583
4.162915,51,1049.642705
-12.840912,51,1050.303785
-10.271196,51,1050.962808
-10.239457,51,1051.683866
0.5987,51,1052.35481
0.390503,51,1053.016475
8.148209,51,1053.662879
-3.736816,51,1054.308836
-1.621244,51,1055.025547
-12.091948,51,1055.680402
2.353889,51,1056.352587
-0.548363,51,1056.996483
-15.123214,51,1057.638405
-0.674798,51,1058.350391
-6.533023,51,1059.004118
6.141959,51,1059.651798
-5.909673,51,1060.295658
2.903262,51,1060.946334
4.15605,51,1061.660391
-4.566491,51,1062.336985
-15.433407,51,1063.009406
-14.714101,51,1063.67481
3.333906,51,1064.331775
8.078857,51,1065.039817
-5.346699,51,1065.704681
-13.055086,51,1066.359146
-1.065464,51,1067.009508
-3.378748,51,1067.647773
6.638166,51,1068.348625
4.814779,51,1069.000143
-2.128218,51,1069.669375
5.335604,51,1070.355346
1.048653,51,1071.011046
3.606517,51,1071.724602
2.622085,51,1072.37953
3.656596,51,1073.039284
13.810915,51,1073.701704
2.823821,51,1074.360081
11.946247,51,1075.089702
0.871717,51,1075.76203
-6.713403,51,1076.416856
8.214346,51,1077.071439
-7.021706,51,1077.726982
-8.230032,51,1078.43414
8.881391,51,1079.090188
11.197919,51,1079.748651
10.149455,51,1080.399266
5.885553,51,1081.046155
5.628827,51,1081.747344
8.535435,51,1082.398142
-4.184788,51,1083.049113
-3.576941,51,1083.691594
-7.3302,51,1084.336078
-0.220447,51,1085.060953
-6.420279,51,1085.723023
-0.663768,51,1086.375089
1.787208,51,1087.035785
-1.562678,51,1087.684594
1.259442,51,1088.438896
6.672401,51,1089.105624
2.581714,51,1089.748321
0.052696,51,1090.413632
-0.475606,51,1091.054632
13.791781,51,1091.764282
-10.352167,51,1092.466188
3.626055,51,1093.119321
4.408165,51,1093.772541
-12.632328,51,1094.426097
-8.137395,51,1095.147259
3.565707,51,1095.822933
9.014732,51,1096.477065
-11.515323,51,1097.137456
-12.558764,51,1097.792881
-4.804752,51,1098.503914
-6.696203,51,1099.16473
-2.758422,51,1099.817037
-5.124454,51,1100.47943
12.844237,51,1101.132533
2.153966,51,1101.846478
12.006955,51,1102.491153
5.047006,51,1103.134448
-12.153655,51,1103.787895
5.781688,51,1104.443424
14.515403,51,1105.160199
-7.354971,51,1105.823218
2.847959,51,1106.485036
4.912443,51,1107.14213
-18.259914,51,1107.797374
3.630906,51,1108.509096
-3.52879,51,1109.175574
-0.094743,51,1109.829132
12.101745,51,1110.488383
-4.946428,51,1111.144958
3.435538,51,1111.86944
-8.422124,51,1112.525406
-3.61603,51,1113.177439
12.408088,51,1113.832978
6.425938,51,1114.486926
-5.311191,51,1115.209347
-9.921844,51,1115.868017
12.144442,51,1116.514426
5.741992,51,1117.16126
0.544104,51,1117.807733
2.269903,51,1118.515544
0.222365,51,1119.169433
4.365691,51,1119.814585
-0.167347,51,1120.460932
-2.534654,51,1121.106249
-3.079913,51,1121.809938
-3.111943,51,1122.457216
0.236642,51,1123.115774
3.13914,51,1123.774506
0.82311,51,1124.428322
8.183536,51,1125.147467
-5.175303,51,1125.796129
8.751286,51,1126.446849
-0.338551,51,1127.095015
1.316916,51,1127.750633
11.944269,51,1128.448089
5.069883,51,1129.103186
-10.246279,51,1129.757753
3.504696,51,1130.411142
-5.662914,51,1131.066023
6.982078,51,1131.7737
-0.816024,51,1132.416862
-10.513127,51,1133.058866
-4.811217,51,1133.70404
-9.135255,51,1134.348994
8.267104,51,1135.0521
-2.513519,51,1135.698147
-4.619318,51,1136.342901
-15.497375,51,1136.988239
-5.525297,51,1137.637428
-4.632916,51,1138.350765
11.611407,51,1139.007154
-8.919626,51,1139.677838
-3.263635,51,1140.334733
7.448802,51,1140.977844
6.664526,51,1141.68495
-9.660924,51,1142.345241
0.22711,51,1143.005311
-6.996469,51,1143.656162
2.512927,51,1144.310885
6.691371,51,1145.024235
0.637047,51,1145.677397
-2.794684,51,1146.334077
-3.77164,51,1146.989222
1.644077,51,1147.638061
-7.473438,51,1148.356379
-2.86208,51,1149.033645
-3.56573,51,1149.706457
-3.368227,51,1150.375341
-3.678858,51,1151.049114
11.49403,51,1151.757946
0.807029,51,1152.408623
8.559685,51,1153.07339
1.053384,51,1153.736722
-5.938021,51,1154.404219
14.731292,51,1155.114183
-7.032098,51,1155.763461
-0.208264,51,1156.423301
0.123871,51,1157.063204
5.724337,51,1157.71948
14.801617,51,1158.44058
-3.397733,51,1159.088472
1.015667,51,1159.732236
-7.34475,51,1160.380545
4.211206,51,1161.036017
9.675188,51,1161.743269
3.656582,51,1162.386208
4.483938,51,1163.041013
0.453387,51,1163.684172
1.450607,51,1164.345933
-7.601486,51,1165.046955
-12.788153,51,1165.689321
8.482023,51,1166.342683
3.349163,51,1167.002229
14.16349,51,1167.656087
0.230473,51,1168.35709
0.979275,51,1169.009898
15.023617,51,1169.679814
-7.103597,51,1170.346585
13.178629,51,1171.01668
-2.97131,51,1171.752137
3.401344,51,1172.402112
12.898884,51,1173.054656
-11.476911,51,1173.709425
2.264587,51,1174.367289
-17.037958,51,1175.107997
6.096489,51,1175.778394
4.20574,51,1176.45504
-0.477631,51,1177.129535
3.79142,51,1177.803189
-3.33779,51,1178.528237
-11.33562,51,1179.180269
-13.280627,51,1179.824456
-8.795187,51,1180.489006
-0.312557,51,1181.153036
5.993297,51,1181.877959
7.651602,51,1182.534264
-4.952082,51,1183.190783
2.163073,51,1183.847047
5.703786,51,1184.493821
-3.637474,51,1185.207464
1.721926,51,1185.85871
8.104349,51,1186.509884
3.752379,51,1187.164567
-1.550157,51,1187.8131
-12.327078,51,1188.50959
1.254044,51,1189.154456
9.292944,51,1189.808082
-13.401121,51,1190.472006
9.45119,51,1191.130307
0.104895,51,1191.846497
4.459251,51,1192.501933
4.875915,51,1193.151644
-10.164444,51,1193.805837
-6.364112,51,1194.468895
-7.368623,51,1195.191745
0.964311,51,1195.845758
-5.655489,51,1196.497031
5.521094,51,1197.147024
11.309245,51,1197.794553
3.914516,51,1198.493891
4.603813,51,1199.166614
-14.048068,51,1199.831626
3.143194,51,1200.507273
-2.999034,51,1201.176133
-4.820438,51,1201.827171
-2.459421,51,1202.532823
-11.15778,51,1203.181822
8.445253,51,1203.829378
-1.96146,51,1204.478229
-6.789295,51,1205.129658
-13.015583,51,1205.83956
-11.323324,51,1206.48987
-6.292381,51,1207.137219
10.662811,51,1207.785809
8.476093,51,1208.434743
12.067409,51,1209.15192
-0.188655,51,1209.808187
7.249478,51,1210.469245
-7.517969,51,1211.120264
-13.054049,51,1211.773807
3.146436,51,1212.478662
10.730297,51,1213.127151
18.332565,51,1213.783878
0.251802,51,1214.451576
-0.091353,51,1215.102618
-5.375379,51,1215.806953
-16.025126,51,1216.454195
-8.870919,51,1217.111844
-4.96957,51,1217.754872
4.655048,51,1218.407576
-1.285444,51,1219.120271
-1.839796,51,1219.761783
4.726049,51,1220.403226
13.512416,51,1221.047496
-1.747537,51,1221.69329
16.479084,51,1222.40157
-8.786993,51,1223.048145
-0.447711,51,1223.69805
-6.550665,51,1224.354908
-5.472852,51,1225.025485
-5.526035,51,1225.730138
-4.983077,51,1226.392433
-2.574839,51,1227.067043
3.06976,51,1227.740155
-7.166311,51,1228.415853
-22.580285,51,1229.131689
10.033732,51,1229.785811
-0.970404,51,1230.44315
16.624026,51,1231.102139
0.687202,51,1231.758438
-5.215026,51,1232.481722
-0.77577,51,1233.13016
9.671817,51,1233.80368
-2.321211,51,1234.467458
2.974941,51,1235.146122
8.679894,51,1235.867402
-9.265849,51,1236.529449
-11.129199,51,1237.214853
-3.595838,51,1237.887674
6.513382,51,1238.553396
-6.982335,51,1239.275156
-4.317365,51,1239.935405
-5.296315,51,1240.597627
-11.311603,51,1241.252174
7.26957,51,1241.908663
7.200848,51,1242.622858
9.550154,51,1243.267175
-13.888555,51,1243.915553
0.278435,51,1244.567819
1.145076,51,1245.229832
2.205944,51,1245.953189
5.636292,51,1246.619157
0.72126,51,1247.298696
1.131288,51,1247.990583
-2.467512,51,1248.672024
2.43959,51,1249.400776
6.961496,51,1250.089751
-7.568509,51,1250.790029
-1.847807,51,1251.465454
8.647735,51,1252.128153
4.806718,51,1252.860136
1.559269,51,1253.538815
-1.161642,51,1254.233573
0.693455,51,1254.911866
-9.652399,51,1255.587943
-1.921048,51,1256.3134
13.260622,51,1256.967191
3.741867,51,1257.620049
10.334865,51,1258.27299
-1.952885,51,1258.922779
0.650413,51,1259.633422
-1.144494,51,1260.294548
-2.848298,51,1260.945451
7.049546,51,1261.610188
-4.74341,51,1262.293878
7.78788,51,1263.021394
5.147414,51,1263.697909
-4.01661,51,1264.361883
8.245131,51,1265.046308
-4.083321,51,1265.711817
-8.503778,51,1266.426176
5.014918,51,1267.07001
-5.312852,51,1267.718614
13.104364,51,1268.375433
-9.030338,51,1269.025761
12.503119,51,1269.748849
-2.389955,51,1270.422478
5.334394,51,1271.107132
-6.046309,51,1271.771485
-10.371452,51,1272.435253
5.164041,51,1273.161181
-0.745571,51,1273.824891
-4.259745,51,1274.503133
-10.404341,51,1275.170287
4.204373,51,1275.831858
-5.969522,51,1276.555608
-6.0215,51,1277.228674
2.125722,51,1277.903399
-5.161124,51,1278.581962
-2.744287,51,1279.265951
12.186594,51,1280.002894
0.972769,51,1280.682442
-13.194815,51,1281.357808
5.956025,51,1282.025192
-3.761993,51,1282.680932
-6.859878,51,1283.394631
8.609839,51,1284.053808
-6.05624,51,1284.720012
18.184387,51,1285.379897
10.386093,51,1286.034328
-2.362747,51,1286.758138
2.854244,51,1287.416205
1.937474,51,1288.080637
3.650486,51,1288.728938
-1.552307,51,1289.399178
7.176476,51,1290.128586
-7.245336,51,1290.797092
4.320187,51,1291.47445
-14.541249,51,1292.150881
2.231461,51,1292.825433
-12.496251,51,1293.557142
8.870011,51,1294.241024
-4.790785,51,1294.925425
2.657374,51,1295.578033
-4.331848,51,1296.23701
-2.196955,51,1296.953158
1.342085,51,1297.631414
-16.306328,51,1298.301711
-2.240965,51,1298.991644
-6.898073,51,1299.678554
-5.709932,51,1300.415811
7.957076,51,1301.078758
2.152815,51,1301.727949
2.03631,51,1302.37578
-1.894636,51,1303.027822
8.953657,51,1303.755175
10.77259,51,1304.413421
-4.328075,51,1305.070369
8.569617,51,1305.721537
8.400975,51,1306.377333
7.857863,51,1307.125454
-3.312078,51,1307.788804
6.314072,51,1308.44843
-0.825643,51,1309.116114
-7.957476,51,1309.773628
-3.07364,51,1310.500357
-18.785785,51,1311.177722
11.147562,51,1311.852214
3.341116,51,1312.522336
-4.502122,51,1313.190924
-2.389801,51,1313.90632
-8.323543,51,1314.567491
-4.650773,51,1315.22722
-15.973437,51,1315.886322
-11.477073,51,1316.537842
-4.237495,51,1317.251089
15.065178,51,1317.899384
5.506029,51,1318.54186
-6.76938,51,1319.189464
6.574221,51,1319.836995
-8.041601,51,1320.55147
6.613933,51,1321.215537
1.311917,51,1321.858607
3.853415,51,1322.496535
-3.480654,51,1323.140975
-8.094312,51,1323.850665
2.060384,51,1324.520092
7.634663,51,1325.178097
-0.001156,51,1325.830072
-1.710952,51,1326.482263
-5.770189,51,1327.193204
9.490457,51,1327.850903
-1.044325,51,1328.516468
1.473785,51,1329.176556
-6.835501,51,1329.846043
5.499252,51,1330.566952
-1.103403,51,1331.218435
0.10881,51,1331.886035
-0.622001,51,1332.540095
9.748473,51,1333.206388
-1.480197,51,1333.929357
13.999251,51,1334.601951
-0.363855,51,1335.262705
-11.137195,51,1335.9089
-3.408538,51,1336.552851
8.422873,51,1337.256621
-4.517548,51,1337.917109
-4.276379,51,1338.572801
3.204816,51,1339.238122
17.58824,51,1339.882221
-6.033205,51,1340.5826
6.358791,51,1341.243391
10.658099,51,1341.896713
6.173335,51,1342.547755
-6.795972,51,1343.19516
-1.17756,51,1343.904043
-12.051009,51,1344.565564
-6.076981,51,1345.23206
-5.592879,51,1345.894855
6.252522,51,1346.543396
-8.98178,51,1347.26538
-5.452473,51,1347.965533
-10.302185,51,1348.625866
-13.923998,51,1349.279353
-11.19368,51,1349.942535
3.748055,51,1350.673339
5.828313,51,1351.326867
-1.169046,51,1351.979958
-9.217202,51,1352.628364
3.482409,51,1353.286553
0.940862,51,1353.992802
-9.620928,51,1354.652991
10.75114,51,1355.30594
-6.470867,51,1355.955796
7.673132,51,1356.620983
-4.186704,51,1357.327786
8.602343,51,1357.98316
0.285836,51,1358.639224
-8.11805,51,1359.289615
12.669857,51,1359.941533
14.469516,51,1360.651095
3.096436,51,1361.318994
-8.163911,51,1361.987108
-4.544431,51,1362.637989
-19.112228,51,1363.28625
2.117632,51,1363.994767
-1.896497,51,1364.648418
-13.220175,51,1365.307453
7.207887,51,1365.957666
-2.153328,51,1366.608804
-12.531458,51,1367.315917
-7.837506,51,1367.981016
-2.831243,51,1368.64034
-5.987916,51,1369.299045
-7.701156,51,1369.950822
-0.752018,51,1370.659537
0.205258,51,1371.321327
8.884742,51,1371.957917
-8.628848,51,1372.595438
6.658519,51,1373.23753
7.954152,51,1373.879117
12.29447,51,1374.607022
-16.741797,51,1375.253365
-10.998187,51,1375.927238
-8.155113,51,1376.60046
1.951134,51,1377.289473
-9.982398,51,1378.012773
12.5656,51,1378.666219
-2.814439,51,1379.319103
-8.725303,51,1379.970256
-3.416169,51,1380.617106
4.516966,51,1381.337034
3.482673,51,1382.001046
-1.656114,51,1382.656261
5.148625,51,1383.314502
10.021351,51,1383.970874
-3.469545,51,1384.697445
0.948409,51,1385.370214
4.138485,51,1386.034586
-6.050328,51,1386.683139
-6.017936,51,1387.329788
-4.797497,51,1388.054624
-11.979118,51,1388.725966
-3.610338,51,1389.401337
-5.761746,51,1390.073015
6.014578,51,1390.737036
6.396139,51,1391.462555
6.212515,51,1392.115164
1.403483,51,1392.783064
-0.793109,51,1393.451815
-0.200554,51,1394.120632
-8.457737,51,1394.835829
-0.138291,51,1395.490641
-7.082501,51,1396.137495
5.723329,51,1396.788244
-8.738073,51,1397.437029
3.014243,51,1398.155838
15.375597,51,1398.8318
-6.633579,51,1399.505472
6.195768,51,1400.178146
-4.280963,51,1400.846739
4.974581,51,1401.577283
-3.981892,51,1402.234577
-0.761398,51,1402.890549
9.256122,51,1403.54673
-6.778506,51,1404.214978
-4.732428,51,1404.947031
-4.730771,51,1405.61277
-0.2191,51,1406.267754
0.834408,51,1406.918377
-7.032802,51,1407.568673
12.764802,51,1408.281971
-0.416264,51,1408.941886
-11.601403,51,1409.599545
-13.947381,51,1410.2618
-0.290037,51,1410.907145
4.729592,51,1411.617006
-14.606382,51,1412.26315
3.815899,51,1412.911949
3.148421,51,1413.560447
4.302463,51,1414.20659
-2.841037,51,1414.918224
-1.868386,51,1415.580446
4.490992,51,1416.230141
-1.674104,51,1416.878996
3.748047,51,1417.527329
-2.95087,51,1418.236481
2.689427,51,1418.882687
10.013181,51,1419.536871
-12.046091,51,1420.1897
10.937109,51,1420.841232
5.901549,51,1421.557496
-1.6676,51,1422.206903
11.304908,51,1422.864512
5.448462,51,1423.516365
-3.54226,51,1424.16783
-5.132537,51,1424.884654
9.49232,51,1425.530413
15.910006,51,1426.183468
-6.01802,51,1426.835065
4.174473,51,1427.505237
3.932805,51,1428.212422
7.425797,51,1428.849807
-6.908897,51,1429.49185
-3.203407,51,1430.133288
10.912008,51,1430.774782
-7.609555,51,1431.489398
-5.8449,51,1432.142978
-1.899054,51,1432.7941
-8.656986,51,1433.440643
0.936374,51,1434.093639
5.344644,51,1434.815667
-15.321568,51,1435.472823
4.709442,51,1436.128272
6.834686,51,1436.788915
0.871496,51,1437.441647
-7.090603,51,1438.16208
-9.580662,51,1438.822664
-22.089196,51,1439.49284
1.105118,51,1440.152942
-17.576267,51,1440.812444
5.783956,51,1441.533473
-4.674058,51,1442.220168
-13.760457,51,1442.8838
-2.227575,51,1443.530792
-9.694549,51,1444.185486
0.79787,51,1444.895417
7.24371,51,1445.547067
-9.024306,51,1446.192702
6.575131,51,1446.840666
2.120687,51,1447.493176
6.239016,51,1448.225694
-8.449417,51,1448.877287
4.940433,51,1449.532504
1.856285,51,1450.186472
7.322245,51,1450.838542
0.699882,51,1451.561155
2.418352,51,1452.211505
-4.403069,51,1452.866053
7.211663,51,1453.534597
5.818315,51,1454.186075
-14.497562,51,1454.902748
-9.844059,51,1455.557066
14.300319,51,1456.226469
-23.521752,51,1456.917815
4.473217,51,1457.581662
-4.286191,51,1458.305176
-2.989701,51,1458.970916
3.783084,51,1459.631672
-9.149462,51,1460.275151
-2.449597,51,1460.927188
10.170369,51,1461.642187
3.488448,51,1462.303374
1.622322,51,1462.971266
5.12237,51,1463.616759
-2.181814,51,1464.262543
-1.884437,51,1464.98433
-5.283493,51,1465.656173
2.112911,51,1466.329381
-3.907001,51,1466.997131
4.078282,51,1467.667326
9.648077,51,1468.39288
10.955137,51,1469.038241
6.405133,51,1469.684547
-12.671339,51,1470.347557
-7.645859,51,1471.005084
8.35807,51,1471.731051
0.827801,51,1472.385051
3.192727,51,1473.044473
-4.879293,51,1473.689364
3.400251,51,1474.341223
-7.119466,51,1475.075217
-15.898616,51,1475.731905
-5.904849,51,1476.389203
-1.754219,51,1477.041073
3.949486,51,1477.698599
0.078261,51,1478.441844
7.971116,51,1479.103469
7.679037,51,1479.773043
3.41311,51,1480.440032
-7.653635,51,1481.103344
0.217385,51,1481.823543
-4.244299,51,1482.481292
12.734455,51,1483.147263
4.113723,51,1483.800696
0.815055,51,1484.461287
-11.756422,51,1485.176881
1.461784,51,1485.8218
-11.782139,51,1486.485474
-11.275194,51,1487.168118
-2.808405,51,1487.853944
13.918412,51,1488.573256
-8.922753,51,1489.222631
2.258777,51,1489.902597
-11.948239,51,1490.568696
3.124066,51,1491.243514
-1.862501,51,1491.95827
-5.852532,51,1492.613132
12.025333,51,1493.26732
-17.318928,51,1493.923787
-5.200387,51,1494.580561
1.711813,51,1495.312384
-5.658439,51,1495.976602
-12.803558,51,1496.651928
6.010723,51,1497.310546
-5.353138,51,1497.976545
-11.122743,51,1498.700762
0.13938,51,1499.371326
7.052947,51,1500.045214
-3.466653,51,1500.715915
-1.532171,51,1501.387794
1.105118,51,1502.119222
4.938335,51,1502.778525
-2.532272,51,1503.461913
-15.944084,51,1504.130708
0.771667,51,1504.803974
-3.083276,51,1505.525724
8.929117,51,1506.188553
11.36928,51,1506.855695
-11.631583,51,1507.52209
7.399375,51,1508.168424
-0.274076,51,1508.877015
-12.39261,51,1509.543841
2.819928,51,1510.215897
7.272156,51,1510.870245
-6.347114,51,1511.511267
7.081387,51,1512.227864
3.650182,51,1512.882923
1.561653,51,1513.532686
-9.577238,51,1514.190075
1.811915,51,1514.850785
-3.180914,51,1515.561148
-3.670462,51,1516.210823
8.303175,51,1516.869917
1.78889,51,1517.515595
-5.253157,51,1518.167485
0.808176,51,1518.886905
3.371555,51,1519.549948
-5.265668,51,1520.247009
11.215604,51,1520.909534
0.29594,51,1521.583794
2.561787,51,1522.321346
12.216314,51,1522.974942
2.586007,51,1523.62921
2.313659,51,1524.293922
2.688781,51,1524.94648
18.067955,51,1525.663921
6.208795,51,1526.328063
-7.18382,51,1526.978231
10.251423,51,1527.635811
-3.009736,51,1528.297356
7.620956,51,1529.014668
-19.336752,51,1529.659391
-14.711199,51,1530.305263
3.299176,51,1530.953445
-0.255104,51,1531.598836
7.703597,51,1532.324691
-1.772501,51,1532.973356
2.349878,51,1533.623818
-10.033375,51,1534.286157
-1.145305,51,1534.94208
9.471886,51,1535.671686
0.07584,51,1536.317444
11.399898,51,1536.964221
5.929793,51,1537.614514
6.450299,51,1538.25974
8.635474,51,1538.974929
-0.689892,51,1539.627365
-4.661113,51,1540.276897
3.466632,51,1540.934491
2.279787,51,1541.587229
-3.110987,51,1542.307965
-8.346203,51,1542.959891
-1.680173,51,1543.612744
9.305112,51,1544.260957
-3.926968,51,1544.919582
2.836438,51,1545.585991
-9.544654,51,1546.312008
-2.469457,51,1546.980618
6.379464,51,1547.637906
6.292988,51,1548.280813
-0.204224,51,1548.94503
8.277672,51,1549.662782
-0.074128,51,1550.319829
0.854991,51,1550.982226
-0.931483,51,1551.640788
4.117337,51,1552.313939
18.035115,51,1553.038919
3.993981,51,1553.701608
0.550973,51,1554.367903
-8.21966,51,1555.030805
3.599176,51,1555.687588
0.141398,51,1556.43504
-1.21702,51,1557.122077
10.171408,51,1557.792356
-18.428169,51,1558.462243
-10.085248,51,1559.133635
2.46028,51,1559.858804
12.579381,51,1560.522447
15.494236,51,1561.181242
9.528736,51,1561.843788
-13.523099,51,1562.50825
4.335047,51,1563.22923
-8.718636,51,1563.896429
16.366255,51,1564.562765
2.799551,51,1565.232681
-0.712264,51,1565.903318
9.862624,51,1566.615971
3.916787,51,1567.281233
-5.336801,51,1567.930904
3.725756,51,1568.581707
-0.651104,51,1569.249941
-0.47845,51,1569.967623
-4.491685,51,1570.643435
-4.448687,51,1571.298329
3.498313,51,1571.970509
-0.874665,51,1572.609952
7.243983,51,1573.319289
0.719814,51,1573.977925
-29.416338,51,1574.630252
3.239398,51,1575.27611
1.829896,51,1575.935007
-1.830166,51,1576.656623
6.759819,51,1577.319651
-0.021189,51,1577.983325
7.959391,51,1578.646343
6.731631,51,1579.31237
0.582515,51,1580.027783
0.692346,51,1580.697318
-5.553358,51,1581.388713
6.604888,51,1582.057545
-7.313815,51,1582.731069
-14.913863,51,1583.472719
6.865175,51,1584.152722
1.654379,51,1584.823089
-5.671131,51,1585.514112
5.437773,51,1586.191601
-0.454317,51,1586.91415
-9.902994,51,1587.567493
6.823001,51,1588.208987
-3.427547,51,1588.876187
4.342772,51,1589.537271
-3.351259,51,1590.268307
8.957156,51,1590.928719
10.863485,51,1591.589299
-2.411823,51,1592.245262
6.077392,51,1592.893878
4.474251,51,1593.603431
-5.168476,51,1594.260085
-2.780028,51,1594.911238
0.523241,51,1595.561295
-2.027407,51,1596.216783
-10.004024,51,1596.932462
-12.592609,51,1597.589232
-1.451939,51,1598.233997
4.845121,51,1598.879342
3.566688,51,1599.527813
-10.580255,51,1600.226715
-3.636277,51,1600.884322
12.372358,51,1601.53563
-8.304962,51,1602.190293
-3.279212,51,1602.846855
-6.134279,51,1603.560329
6.05181,51,1604.213347
-7.330255,51,1604.870238
4.703468,51,1605.529283
8.216146,51,1606.188453
-1.435991,51,1606.901875
-6.559031,51,1607.549553
-1.308974,51,1608.201346
-3.225731,51,1608.865791
-4.471577,51,1609.542675
-8.950273,51,1610.270178
4.451269,51,1610.941797
-15.642324,51,1611.604039
3.866427,51,1612.258715
-2.016205,51,1612.902827
-18.978178,51,1613.618661
-2.436073,51,1614.266009
7.876706,51,1614.943721
6.873945,51,1615.597876
8.773567,51,1616.25246
-0.849186,51,1616.968058
-13.51585,51,1617.615496
9.432441,51,1618.265908
0.228504,51,1618.919143
7.468649,51,1619.57346
1.665896,51,1620.28238
-4.316281,51,1620.946356
-2.787571,51,1621.614003
-6.619173,51,1622.276321
0.371324,51,1622.962819
-1.582728,51,1623.700305
-5.856082,51,1624.354405
0.281427,51,1625.036262
2.867793,51,1625.696687
-6.87207,51,1626.374285
-2.677338,51,1627.088671
-6.291037,51,1627.750707
12.302985,51,1628.41332
8.201251,51,1629.064652
6.054732,51,1629.710144
1.434628,51,1630.426504
-0.755349,51,1631.088419
3.593479,51,1631.730222
5.778556,51,1632.384344
2.645495,51,1633.025656
3.303142,51,1633.732188
-0.78504,51,1634.375215
0.93849,51,1635.019735
4.315975,51,1635.668404
4.980315,51,1636.29784
-4.815533,51,1636.992958
11.641589,51,1637.640511
6.411842,51,1638.282871
-0.581722,51,1638.916375
-6.107915,51,1639.551157
3.310279,51,1640.251851
2.279831,51,1640.901302
11.429482,51,1641.551454
4.135033,51,1642.179713
-11.196607,51,1642.802758
