#{"t_start": 1584131714.4899597, "env_id": "su_acrobot_cdc-v0"}
r,l,t
-31.022491,51,1.544317
-20.447981,51,2.25072
-70.784356,51,2.92997
23.534767,51,3.601179
-38.139614,51,4.273528
-11.515491,51,4.949742
-11.092673,51,5.634418
-64.670345,51,6.319693
-21.291724,51,6.988864
-76.427888,51,7.642689
-1.972848,51,8.319447
-80.466095,51,9.005549
-69.634034,51,9.697173
-21.787105,51,10.378576
-28.692389,51,11.038604
-38.015259,51,11.695946
-44.523523,51,12.355708
-13.320343,51,13.022348
-85.674577,51,13.68122
-15.299133,51,14.345788
-16.543549,51,15.008758
-84.093615,51,15.666586
-12.624205,51,16.324461
-15.069135,51,16.984946
-35.588661,51,17.644488
-46.209466,51,18.328199
0.952895,51,19.018422
-44.866061,51,19.711021
-45.520546,51,20.402643
-49.729509,51,21.087803
-63.361737,51,21.780646
-47.523896,51,22.474578
-1.613968,51,23.172058
-68.372833,51,23.865916
-30.376222,51,24.559102
-0.610848,51,25.256702
-11.050658,51,25.954295
-32.567173,51,26.614292
-32.808963,51,27.277357
-3.280436,51,27.939025
-26.916818,51,28.601713
-79.677943,51,29.263909
-16.06071,51,29.931321
-9.155982,51,30.606648
-2.881041,51,31.285781
-1.844088,51,31.959427
-10.818665,51,32.632121
-27.708031,51,33.305572
-8.031706,51,33.979119
0.641919,51,34.652126
-36.836275,51,35.330022
-46.558498,51,36.00939
-36.868661,51,36.688262
-39.794827,51,37.359058
-73.239802,51,38.017856
-94.763045,51,38.678765
-38.58967,51,39.337075
-40.987066,51,39.997549
-24.17903,51,40.664934
-40.615567,51,41.337072
-95.934395,51,42.009294
-64.008935,51,42.685806
-43.03542,51,43.357823
-12.395044,51,44.030942
-16.299788,51,44.70878
-97.860768,51,45.389379
-13.471332,51,46.068411
-54.59033,51,46.747842
-12.968508,51,47.414398
-11.169754,51,48.096426
0.505981,51,48.780211
-12.924185,51,49.444592
6.340082,51,50.117562
-4.826889,51,50.782702
-42.510413,51,51.447676
-78.082372,51,52.112668
2.447765,51,52.777281
-30.740025,51,53.441699
-76.973573,51,54.110495
16.528333,51,54.781459
-86.768507,51,55.448593
-28.846959,51,56.125877
-21.510199,51,56.806679
-9.944408,51,57.464266
25.9609,51,58.137434
-49.223376,51,58.807204
15.592594,51,59.461762
-50.701627,51,60.130409
-67.854718,51,60.792878
-78.384648,51,61.474844
-59.453661,51,62.139788
-17.502509,51,62.812182
-20.528242,51,63.470231
-93.045794,51,64.127021
-12.415708,51,64.788979
-20.546957,51,65.463272
-10.169221,51,66.139463
-21.19297,51,66.804663
-65.485573,51,67.464137
-83.782387,51,68.134023
15.058733,51,68.799058
10.669421,51,69.479679
-21.184917,51,70.143164
16.691859,51,70.821383
5.834816,51,71.494695
-26.187942,51,72.159946
-4.846877,51,72.839308
-3.33705,51,73.503762
0.47148,51,74.17591
-21.338849,51,74.847167
1.609272,51,75.50687
-5.210467,51,76.190934
1.678026,51,76.85298
-25.807822,51,77.513943
-41.405534,51,78.201162
-24.599741,51,78.865276
7.432947,51,79.528663
-48.044944,51,80.202891
-4.780165,51,80.861321
-90.606005,51,81.515367
1.636377,51,82.183191
-26.687624,51,82.849128
-47.339841,51,83.517462
-31.807765,51,84.185807
-19.57067,51,84.844444
-15.74447,51,85.51999
-67.232132,51,86.184493
9.400405,51,86.862303
-16.154875,51,87.52701
-17.607812,51,88.180696
-78.248837,51,88.841612
15.603795,51,89.511886
-52.142925,51,90.186178
6.482148,51,90.85389
-1.65156,51,91.526565
-15.472313,51,92.181967
-8.301188,51,92.847571
-4.035138,51,93.503713
3.758677,51,94.171198
-35.30441,51,94.842576
-10.106375,51,95.50726
9.65817,51,96.194344
-22.625746,51,96.874396
3.172628,51,97.524801
5.568141,51,98.19538
-31.373077,51,98.868457
-38.129665,51,99.541789
2.691474,51,100.216857
-11.234632,51,100.883905
-25.274022,51,101.549751
1.604697,51,102.215298
-6.012956,51,102.880792
-9.991098,51,103.548766
0.605549,51,104.227114
-19.150695,51,104.891048
-2.497559,51,105.560807
4.909816,51,106.229423
6.669556,51,106.894804
6.864708,51,107.548208
4.480661,51,108.227455
-21.080107,51,108.888299
-1.956293,51,109.555547
2.888758,51,110.214981
-15.200509,51,110.890007
-40.047001,51,111.55085
-10.118516,51,112.22696
-5.824451,51,112.913399
5.399883,51,113.602995
-20.875995,51,114.264125
-19.656695,51,114.920701
-5.403101,51,115.578784
-0.244292,51,116.248047
3.05133,51,116.907548
-11.487036,51,117.567617
4.805928,51,118.241636
-23.917142,51,118.909559
4.968634,51,119.574516
-11.458961,51,120.232419
-4.728787,51,120.901909
-13.773899,51,121.568155
-3.5517,51,122.236226
-65.637552,51,122.901676
13.037455,51,123.565251
-3.553401,51,124.232679
-5.840617,51,124.894109
-10.10658,51,125.571454
-33.364219,51,126.232414
6.919433,51,126.905422
-7.634492,51,127.575557
9.591818,51,128.249933
-0.704052,51,128.921613
-2.704351,51,129.590565
-10.065018,51,130.269485
-25.267994,51,130.935711
-9.702667,51,131.60394
12.651896,51,132.280898
-4.682163,51,132.94016
6.780071,51,133.601906
-0.804794,51,134.270751
-7.25637,51,134.942225
-3.074522,51,135.618369
-14.987362,51,136.282025
-3.545147,51,136.953793
2.373116,51,137.618195
-5.805263,51,138.298101
-0.953455,51,138.971033
1.955011,51,139.635735
0.841211,51,140.309346
-5.673415,51,140.977758
-0.040394,51,141.645774
5.804358,51,142.3201
3.81212,51,142.983194
-18.256155,51,143.655922
7.697826,51,144.327516
-3.783368,51,144.998194
-2.706385,51,145.657512
12.456655,51,146.33161
-21.517103,51,146.995258
0.507721,51,147.653876
-17.114983,51,148.314093
-6.915062,51,148.978244
-1.251011,51,149.656704
-5.031743,51,150.319656
2.313802,51,150.988623
-1.225195,51,151.666201
6.805982,51,152.33049
5.367994,51,152.989916
-10.983616,51,153.6569
2.11571,51,154.325623
-26.443902,51,154.998521
-13.955838,51,155.668785
0.042521,51,156.343629
-7.894343,51,157.008054
0.611943,51,157.673353
6.039571,51,158.341755
-0.815331,51,159.018133
10.876851,51,159.688803
12.119556,51,160.361283
-0.305168,51,161.03458
7.291279,51,161.697231
11.56409,51,162.369328
-4.480703,51,163.052905
-6.420398,51,163.719499
-3.941826,51,164.377906
4.244199,51,165.047297
7.974749,51,165.716615
-8.772001,51,166.390678
0.706828,51,167.06933
4.430525,51,167.73874
-13.461044,51,168.411347
-58.911836,51,169.077298
-12.316035,51,169.743601
10.835392,51,170.420438
-27.708187,51,171.083955
-18.929457,51,171.761384
-27.232903,51,172.433695
-14.77867,51,173.099499
-4.039476,51,173.768696
-20.172051,51,174.451603
-30.185228,51,175.109407
-1.637685,51,175.775731
-0.50255,51,176.452888
2.759105,51,177.117078
-18.259715,51,177.786862
-13.129011,51,178.459555
-8.510861,51,179.128432
3.901377,51,179.799161
4.275386,51,180.472404
5.131271,51,181.156654
-8.555736,51,181.828457
-19.202913,51,182.512703
2.366121,51,183.177193
-2.908579,51,183.843064
-3.330643,51,184.520051
0.386268,51,185.185932
-10.367616,51,185.853707
-0.482942,51,186.524845
-6.938388,51,187.199265
-21.54572,51,187.86658
-1.236636,51,188.518861
-5.976784,51,189.199415
9.504039,51,189.865674
-4.873254,51,190.526156
11.792161,51,191.195456
-12.760161,51,191.864057
1.549591,51,192.544801
2.111281,51,193.20818
-0.051634,51,193.874496
-25.757469,51,194.540925
-16.56934,51,195.202751
13.963519,51,195.880348
7.921745,51,196.546055
-24.566964,51,197.207137
2.13881,51,197.874738
-0.97368,51,198.534327
-10.938239,51,199.20573
-1.213764,51,199.872958
-53.256735,51,200.545686
6.530294,51,201.222158
-2.254083,51,201.88299
-22.74372,51,202.554757
-41.937324,51,203.219131
3.020563,51,203.881835
-8.732167,51,204.542216
-1.380888,51,205.203792
3.329128,51,205.864208
-5.302197,51,206.531938
-19.366478,51,207.199358
-14.779343,51,207.865245
-2.41634,51,208.54521
-23.492568,51,209.218194
-4.94538,51,209.911548
-9.854237,51,210.586185
13.363088,51,211.262455
-6.860557,51,211.928902
3.27345,51,212.603002
-4.67505,51,213.269703
8.024092,51,213.934665
-13.162881,51,214.614342
-12.975339,51,215.287598
2.851837,51,215.942489
-8.397676,51,216.613106
6.214948,51,217.278019
2.843194,51,217.942819
-3.614419,51,218.628399
-2.407431,51,219.291521
11.677204,51,219.957699
-6.266617,51,220.622587
0.781109,51,221.294828
-5.724421,51,221.971575
1.838933,51,222.644023
-8.234128,51,223.307809
5.374557,51,223.982938
11.8748,51,224.662546
-13.203639,51,225.345618
-0.775394,51,226.029524
5.062327,51,226.682001
1.214015,51,227.353669
-12.298766,51,228.015415
-14.284011,51,228.677565
-36.115266,51,229.348521
-13.014481,51,230.013942
-9.682487,51,230.682467
-17.103622,51,231.356002
5.428183,51,232.031385
-14.744393,51,232.700508
-0.893781,51,233.37056
-5.096657,51,234.031334
7.160006,51,234.694374
-22.775056,51,235.364651
-9.500003,51,236.036887
0.137941,51,236.728635
-0.101,51,237.387931
-8.366394,51,238.05867
-5.019646,51,238.724384
7.178496,51,239.396892
-7.594448,51,240.083812
-7.000297,51,240.750954
-10.582205,51,241.429262
-23.702126,51,242.102524
0.078683,51,242.765878
-1.845773,51,243.443027
4.705438,51,244.111483
-7.362395,51,244.777578
-8.622835,51,245.444621
-16.682806,51,246.1108
-12.944025,51,246.774572
3.738547,51,247.453453
-9.234849,51,248.11285
-11.527459,51,248.772197
-5.182663,51,249.443838
-2.290231,51,250.102671
-1.505816,51,250.76593
-9.534038,51,251.449152
-5.475817,51,252.100865
5.637382,51,252.778651
-26.181778,51,253.460445
-7.56523,51,254.121955
-15.248115,51,254.79228
-7.15154,51,255.460613
12.083765,51,256.133813
5.591776,51,256.786722
-7.640663,51,257.447598
7.282243,51,258.104353
-0.879206,51,258.778473
-10.294319,51,259.443016
8.773045,51,260.120526
-3.386836,51,260.795619
-9.092391,51,261.454493
-0.47544,51,262.122105
-2.859024,51,262.79053
0.246579,51,263.451916
-7.068242,51,264.118437
-8.951555,51,264.77807
0.606872,51,265.443217
-6.098549,51,266.108078
1.075472,51,266.777833
-11.160508,51,267.445887
1.288425,51,268.116327
-13.456715,51,268.790381
10.569992,51,269.461856
-3.000753,51,270.137618
-19.86915,51,270.793295
2.817735,51,271.45847
10.310934,51,272.120325
1.569944,51,272.792871
2.442802,51,273.47677
3.71922,51,274.146891
-4.805249,51,274.830387
6.185817,51,275.499343
-12.930896,51,276.152479
8.480009,51,276.817561
3.656157,51,277.482967
6.103804,51,278.152284
-1.641707,51,278.814722
-17.958607,51,279.494631
-5.627045,51,280.156743
3.01502,51,280.830339
0.590671,51,281.49663
-0.123961,51,282.16472
-8.509326,51,282.829688
-24.003397,51,283.497374
0.520349,51,284.154898
-5.51669,51,284.823757
2.554909,51,285.496164
-2.343704,51,286.167989
-3.690861,51,286.836625
-16.212558,51,287.497107
6.853766,51,288.162894
1.418126,51,288.827796
-4.157353,51,289.500987
-7.458794,51,290.163833
3.316632,51,290.834783
4.458652,51,291.504322
-2.640599,51,292.174906
-8.625177,51,292.842255
11.503554,51,293.516928
-37.899126,51,294.177113
12.0719,51,294.853452
-6.847816,51,295.537402
-15.514112,51,296.213645
-5.594103,51,296.881979
-1.079197,51,297.547816
1.467253,51,298.21318
-11.336618,51,298.878244
-18.191103,51,299.540759
-6.942915,51,300.22018
1.465381,51,300.888182
-1.571987,51,301.555966
-4.691282,51,302.23208
-0.215483,51,302.903285
0.988596,51,303.563068
-3.906256,51,304.230643
0.445815,51,304.901672
0.265546,51,305.576598
-2.189506,51,306.249107
0.033289,51,306.916884
2.489163,51,307.59775
-13.104818,51,308.259589
10.334487,51,308.943049
-11.014169,51,309.610563
1.299508,51,310.285973
3.826161,51,310.954492
-18.144752,51,311.627057
11.216573,51,312.306153
-3.222428,51,312.973732
-4.08483,51,313.64403
-30.728956,51,314.304344
3.7572,51,314.991055
-1.971875,51,315.657553
2.122662,51,316.333154
-3.199373,51,317.013953
0.329448,51,317.677703
16.672646,51,318.344068
0.010583,51,319.015552
-12.283029,51,319.686103
-1.066964,51,320.344656
-0.022308,51,321.008851
5.315447,51,321.66106
-1.088156,51,322.339307
-11.513975,51,323.012118
6.340033,51,323.673835
3.412282,51,324.333285
-4.131367,51,324.99508
-1.698672,51,325.653728
-1.474306,51,326.327469
7.266752,51,327.006036
-6.204375,51,327.682405
-17.925736,51,328.343293
10.184645,51,329.007278
-6.695036,51,329.685558
3.545342,51,330.347378
-8.198135,51,331.016723
10.254288,51,331.68195
-21.835398,51,332.355122
-8.853118,51,333.030624
-0.900517,51,333.697849
-7.579218,51,334.364058
0.687704,51,335.032188
-8.805783,51,335.703453
-35.932953,51,336.381426
-16.549125,51,337.046484
0.452332,51,337.725663
-4.012916,51,338.388744
-2.55603,51,339.051796
2.300918,51,339.724733
6.924959,51,340.389205
-6.497687,51,341.056279
6.155513,51,341.717947
-7.997681,51,342.385439
-8.187326,51,343.059273
-6.092787,51,343.727642
1.853971,51,344.39449
-6.384438,51,345.058958
-5.357956,51,345.74315
-7.649076,51,346.405631
8.597962,51,347.082219
-6.323502,51,347.742252
0.999017,51,348.400942
6.065357,51,349.059378
-22.903087,51,349.732525
-7.330733,51,350.40367
-4.535247,51,351.065943
-3.81401,51,351.735975
-2.356531,51,352.388127
-0.784099,51,353.042207
12.467896,51,353.714681
6.292838,51,354.383572
6.305529,51,355.047102
-2.960428,51,355.717383
-2.676294,51,356.395887
7.281573,51,357.067636
1.434855,51,357.736549
-2.404352,51,358.391741
7.275905,51,359.050495
-9.330141,51,359.715021
-3.062243,51,360.371813
1.91532,51,361.031578
11.93124,51,361.70325
1.48405,51,362.359304
6.698925,51,363.034282
-11.161594,51,363.702397
-3.414804,51,364.378183
-1.417592,51,365.046363
7.11094,51,365.708349
-1.643994,51,366.374285
9.794487,51,367.040447
0.321624,51,367.698712
-7.197569,51,368.350506
-2.510455,51,369.019392
-8.425747,51,369.673828
3.363294,51,370.347273
-2.780967,51,371.015245
-4.182732,51,371.675345
-11.328033,51,372.347116
0.954112,51,373.009926
-2.012235,51,373.680904
-2.791905,51,374.355352
-4.188121,51,375.034686
-2.3357,51,375.692212
2.162982,51,376.358907
-0.902891,51,377.029936
-4.925132,51,377.725772
-0.273496,51,378.426355
0.289533,51,379.113204
-6.02583,51,379.792621
0.782847,51,380.480366
-3.125491,51,381.144533
1.489423,51,381.807892
-10.087604,51,382.482607
2.133816,51,383.14727
-3.570524,51,383.814121
-2.54465,51,384.481578
-11.761797,51,385.143658
-3.060035,51,385.80829
-7.336666,51,386.471266
9.193451,51,387.131982
-1.165423,51,387.795495
-7.851918,51,388.460512
-5.547179,51,389.130127
-12.703888,51,389.813466
-0.192713,51,390.472439
-11.050501,51,391.139523
4.253724,51,391.795053
6.135734,51,392.459978
-9.860401,51,393.130034
0.804831,51,393.799727
-1.975996,51,394.478502
4.172798,51,395.14102
-6.928277,51,395.806335
-3.952938,51,396.469658
-11.702064,51,397.134722
2.871572,51,397.796233
-2.447109,51,398.470875
3.759269,51,399.135738
1.224289,51,399.807607
-2.848461,51,400.47298
0.693233,51,401.147444
-14.77216,51,401.815143
4.455992,51,402.484923
-5.076781,51,403.153776
-3.613409,51,403.818
5.452647,51,404.482117
-7.271554,51,405.146032
-2.282963,51,405.810933
5.997988,51,406.475143
3.01044,51,407.139727
0.746938,51,407.805479
-16.608005,51,408.472022
-8.922676,51,409.141675
-4.581925,51,409.808132
9.592426,51,410.468584
-2.07788,51,411.126942
1.053019,51,411.784657
-20.722948,51,412.441355
11.160071,51,413.10059
-11.153944,51,413.757992
-33.205593,51,414.415401
-0.146494,51,415.074218
-1.261774,51,415.732479
-18.045134,51,416.392318
-21.225002,51,417.04815
-6.790777,51,417.703717
4.61731,51,418.361694
0.771223,51,419.020945
0.108331,51,419.683616
-8.014647,51,420.347969
-3.235304,51,421.006551
-2.024241,51,421.666779
-6.412934,51,422.326645
-5.301831,51,422.988055
5.548464,51,423.650125
-1.143792,51,424.31368
-5.775129,51,424.976338
-4.870551,51,425.637537
4.299007,51,426.299804
3.607244,51,426.961494
5.284981,51,427.622175
2.643242,51,428.284544
0.123235,51,428.942113
0.14722,51,429.602493
-6.329015,51,430.2668
-1.729831,51,430.92709
-6.35562,51,431.58523
-2.187224,51,432.245248
4.280715,51,432.907142
-22.330488,51,433.565387
-6.848676,51,434.240284
-4.173161,51,434.903518
5.214191,51,435.562203
5.588314,51,436.222393
-0.633241,51,436.879376
-7.044009,51,437.538716
-4.793342,51,438.199842
-3.447653,51,438.866839
-0.841497,51,439.534445
-4.40698,51,440.202981
-0.437856,51,440.873138
4.691629,51,441.548121
-13.774158,51,442.232957
-0.219507,51,442.919502
-1.585778,51,443.596756
-5.474617,51,444.277312
-6.027888,51,444.950931
-19.795259,51,445.615153
-1.519091,51,446.290157
-3.059457,51,446.965533
1.284916,51,447.629004
-9.774411,51,448.283378
-5.62274,51,448.951497
-10.476803,51,449.621349
-5.733802,51,450.286788
-6.212997,51,450.97033
-1.581996,51,451.638701
-7.974297,51,452.302361
-7.25564,51,452.991908
3.477147,51,453.66983
-2.915858,51,454.32882
-5.06125,51,455.008052
-4.43509,51,455.6643
-10.980265,51,456.32975
3.135779,51,457.000137
5.075045,51,457.669974
-10.213246,51,458.330408
-5.758637,51,458.988585
4.961726,51,459.656251
4.565595,51,460.328496
-10.793218,51,460.98694
8.870065,51,461.658671
-1.741882,51,462.336977
4.227882,51,463.010352
-1.331856,51,463.684771
-5.57637,51,464.347296
6.204712,51,465.008428
-5.047355,51,465.676553
-4.761499,51,466.349034
-12.417584,51,467.018031
-3.41949,51,467.681137
-2.765808,51,468.34439
-4.441689,51,469.017864
-2.901429,51,469.687555
9.111082,51,470.352563
1.247293,51,471.011578
2.13811,51,471.666603
4.539782,51,472.325127
1.291667,51,473.009857
1.219895,51,473.6704
-2.38701,51,474.337722
1.910611,51,475.000443
2.69509,51,475.669945
5.735518,51,476.333784
3.107464,51,476.98898
3.337252,51,477.647202
0.749248,51,478.30549
-9.566139,51,478.96313
3.44256,51,479.623683
1.984839,51,480.285192
-7.827225,51,480.94349
0.774688,51,481.603408
-3.472084,51,482.262271
8.33176,51,482.923855
8.287979,51,483.583699
-2.793429,51,484.246859
-1.936755,51,484.911068
-8.77364,51,485.576997
2.101031,51,486.245198
-1.940625,51,486.913433
5.827257,51,487.586783
1.603527,51,488.258186
-0.251686,51,488.934175
-3.064017,51,489.617749
-12.231114,51,490.299057
-2.389107,51,490.989452
-13.504296,51,491.674893
9.674779,51,492.361209
1.414165,51,493.047741
1.656688,51,493.719764
-9.770329,51,494.406572
-1.002605,51,495.087117
-4.988112,51,495.769111
-4.882538,51,496.471603
-4.904826,51,497.168017
-0.885741,51,497.856285
-2.537424,51,498.522555
-8.449022,51,499.199572
3.173055,51,499.897809
-5.852197,51,500.599632
-9.905289,51,501.296067
0.841397,51,501.997484
3.399707,51,502.696805
5.245042,51,503.398943
10.397704,51,504.098666
5.349517,51,504.797161
3.874731,51,505.496124
-4.4374,51,506.197276
0.314658,51,506.90024
-8.840366,51,507.602339
-7.695227,51,508.300335
4.608243,51,509.000288
-3.52937,51,509.702807
5.015085,51,510.406576
4.058846,51,511.106436
4.007632,51,511.808663
-0.304214,51,512.509181
-5.166562,51,513.185203
7.342065,51,513.852598
0.458219,51,514.51898
-3.984621,51,515.187492
3.214564,51,515.855086
3.861,51,516.522209
0.304951,51,517.190764
0.856175,51,517.859964
0.341784,51,518.528656
6.227385,51,519.203948
-8.260565,51,519.878901
-3.997885,51,520.557441
-1.361714,51,521.24017
4.405079,51,521.927695
5.307129,51,522.617252
1.381511,51,523.305463
-1.917031,51,523.994472
-6.074378,51,524.687486
2.377371,51,525.369143
-9.675174,51,526.071455
-1.180125,51,526.751966
-1.607359,51,527.420289
0.1681,51,528.088476
4.670625,51,528.757413
5.611974,51,529.426072
-3.386151,51,530.095297
-6.618463,51,530.762105
-2.53465,51,531.430814
-5.901333,51,532.099423
-1.587892,51,532.76863
10.698997,51,533.436212
-4.533573,51,534.108089
-20.375313,51,534.777076
3.794203,51,535.445945
3.490521,51,536.114254
-3.121762,51,536.781633
-3.879487,51,537.450827
4.48642,51,538.120747
4.830416,51,538.788642
-1.097143,51,539.459431
-0.686882,51,540.128227
-5.595629,51,540.794895
0.326906,51,541.452224
-8.027679,51,542.110087
-5.724093,51,542.772481
-5.28248,51,543.43211
-1.212078,51,544.091949
0.61327,51,544.748466
-3.392766,51,545.406695
6.20908,51,546.068426
-10.989503,51,546.746152
-2.955632,51,547.426293
0.147623,51,548.107578
-7.08653,51,548.770969
-9.794545,51,549.432681
6.064489,51,550.094136
7.505666,51,550.757958
-1.794926,51,551.418226
-4.770155,51,552.078495
-1.289554,51,552.738809
3.40588,51,553.398534
1.458363,51,554.060656
-6.461251,51,554.721996
-7.751981,51,555.385363
-2.757855,51,556.046945
0.893785,51,556.70736
4.280196,51,557.370533
-9.089865,51,558.034652
-0.195617,51,558.697756
-0.327075,51,559.359336
-6.782986,51,560.02205
10.134699,51,560.691396
-4.164948,51,561.356899
4.706668,51,562.022713
-0.524081,51,562.688055
4.322172,51,563.35124
2.903818,51,564.018234
-4.736125,51,564.684156
-5.764205,51,565.348486
3.776693,51,566.019723
8.872852,51,566.679791
-0.516143,51,567.342107
-4.266883,51,568.003164
0.676815,51,568.661751
1.519242,51,569.322155
-9.722906,51,569.981408
-4.73808,51,570.643087
-7.796157,51,571.303641
-7.670593,51,571.965633
6.90023,51,572.626758
2.511289,51,573.289445
-7.004145,51,573.956963
-1.155343,51,574.6238
-4.736426,51,575.287977
-5.951209,51,575.950598
3.315305,51,576.612116
0.603492,51,577.274773
0.706555,51,577.936106
8.882558,51,578.597186
6.85654,51,579.25875
1.885714,51,579.921283
-0.684027,51,580.584076
2.707362,51,581.24637
0.036155,51,581.904163
-3.457138,51,582.570692
-3.522536,51,583.237785
7.144905,51,583.904098
3.05255,51,584.568741
-7.075413,51,585.23231
1.750418,51,585.896305
-0.011546,51,586.562288
2.271366,51,587.228584
6.282778,51,587.902748
-6.003194,51,588.587407
8.988313,51,589.2662
-1.267568,51,589.948841
0.06905,51,590.635185
3.499783,51,591.317267
-10.562142,51,591.997754
0.447114,51,592.677564
-1.956284,51,593.388519
8.804163,51,594.087056
-3.060632,51,594.78378
4.529638,51,595.486389
-4.809515,51,596.188954
9.278978,51,596.884209
-5.438985,51,597.57688
1.392403,51,598.28091
-5.032388,51,598.948285
-8.655769,51,599.611865
-12.855755,51,600.280784
-0.860765,51,600.952886
-9.280744,51,601.628868
6.16418,51,602.293747
6.606224,51,602.972563
3.624509,51,603.636439
1.11297,51,604.30998
-11.404906,51,604.967952
-3.277392,51,605.636885
0.503404,51,606.297901
-2.593125,51,606.958015
5.308213,51,607.637168
-3.995033,51,608.314094
-10.611484,51,608.980708
12.960455,51,609.644803
-2.69432,51,610.302957
0.628987,51,610.982378
-0.206977,51,611.643212
-3.293797,51,612.315572
1.731047,51,612.983385
0.260653,51,613.655872
8.969682,51,614.319779
5.057359,51,614.976272
-2.261928,51,615.652291
-2.362468,51,616.332751
6.15872,51,617.008621
7.153918,51,617.676654
2.641389,51,618.350228
2.441209,51,619.026773
4.329999,51,619.70966
-2.17063,51,620.381398
11.830652,51,621.064926
-3.698918,51,621.728492
4.698708,51,622.394021
-6.746178,51,623.063812
2.277266,51,623.745519
-1.128922,51,624.434864
-4.121999,51,625.130783
4.649114,51,625.858305
-3.763921,51,626.524611
4.020265,51,627.195733
5.912916,51,627.881197
4.459265,51,628.566731
-2.419468,51,629.227485
3.677008,51,629.899307
-4.763767,51,630.575743
-1.8459,51,631.258068
4.541706,51,631.934829
0.592826,51,632.611046
1.643444,51,633.297796
1.436699,51,633.966841
-4.498743,51,634.654845
-6.081803,51,635.340937
-0.651631,51,636.031332
5.090187,51,636.709282
-7.452702,51,637.38621
-6.245263,51,638.055894
-4.714149,51,638.736474
7.520006,51,639.401692
-5.296052,51,640.062888
-6.340535,51,640.760384
6.826663,51,641.425381
-5.668739,51,642.099467
-0.556025,51,642.758635
1.537549,51,643.427041
6.223243,51,644.101823
4.0366,51,644.771342
0.919039,51,645.444557
2.799521,51,646.113273
-3.562252,51,646.792143
-5.881819,51,647.457734
5.676611,51,648.145629
-2.823406,51,648.824283
-2.583597,51,649.521306
6.381591,51,650.231784
-14.846438,51,650.913655
4.208601,51,651.597297
-4.42423,51,652.281602
-2.853986,51,652.973186
-2.331178,51,653.654087
2.291514,51,654.334944
0.011544,51,655.005566
-5.835174,51,655.684359
0.534273,51,656.360034
-14.461896,51,657.050737
-4.180445,51,657.73524
1.659163,51,658.409065
3.071615,51,659.09404
3.782926,51,659.779702
8.865199,51,660.501451
-9.010356,51,661.166999
3.504077,51,661.862231
-5.069393,51,662.600108
-12.60619,51,663.318985
-16.013571,51,664.014357
7.836211,51,664.678984
0.887931,51,665.337451
2.867303,51,666.006884
0.41591,51,666.680135
1.542937,51,667.344839
2.761526,51,668.013707
4.778134,51,668.671926
4.101495,51,669.346298
2.056779,51,670.010118
3.268829,51,670.676807
2.860353,51,671.354848
1.797117,51,672.026101
-4.647453,51,672.693895
5.698791,51,673.361552
1.050393,51,674.036481
3.399395,51,674.715911
2.046531,51,675.379628
-13.2544,51,676.053186
5.680114,51,676.71671
-0.889874,51,677.401589
-3.880904,51,678.073498
7.990456,51,678.743001
0.787611,51,679.425718
-2.411823,51,680.096903
-1.778162,51,680.763333
3.069859,51,681.425944
5.385634,51,682.094083
6.937407,51,682.771354
-1.883249,51,683.443772
0.686984,51,684.11281
-5.613177,51,684.766884
6.268818,51,685.436255
-3.913881,51,686.104303
3.084773,51,686.766411
-7.29843,51,687.444951
7.648373,51,688.11119
3.422519,51,688.767831
-5.372066,51,689.439231
1.147004,51,690.106556
1.428287,51,690.78436
-1.696435,51,691.447886
-0.187935,51,692.118398
-1.612081,51,692.792705
0.832813,51,693.470141
-6.176055,51,694.147471
2.348692,51,694.808195
8.755611,51,695.475381
3.031447,51,696.144223
1.983639,51,696.809869
-2.954824,51,697.471096
-2.190946,51,698.150297
6.736652,51,698.827734
-12.339078,51,699.499689
-10.485235,51,700.161809
8.521005,51,700.838509
-6.391226,51,701.508736
-5.855863,51,702.184168
0.838369,51,702.853585
5.498024,51,703.517016
5.695916,51,704.183904
5.207007,51,704.852875
-3.992029,51,705.516953
4.768414,51,706.189356
-7.290509,51,706.869059
3.870935,51,707.535831
-2.555872,51,708.222154
2.969624,51,708.904373
3.738087,51,709.565217
-1.602066,51,710.226518
-12.605209,51,710.906509
-1.278947,51,711.571126
0.008844,51,712.248789
3.586462,51,712.915697
-3.199947,51,713.594836
2.729535,51,714.263509
3.507194,51,714.931466
-1.924961,51,715.601552
6.672024,51,716.289873
1.645634,51,716.967303
-10.245268,51,717.648986
-3.860735,51,718.348367
-4.071782,51,719.054585
-3.677569,51,719.729134
-3.988159,51,720.397636
2.903839,51,721.074419
-4.117068,51,721.736495
-0.641062,51,722.409032
2.641191,51,723.068764
2.148111,51,723.736712
-7.975359,51,724.414369
-1.209993,51,725.095341
-0.951466,51,725.76602
3.517874,51,726.433068
-1.477681,51,727.106286
-5.432049,51,727.767912
-3.804753,51,728.444167
7.490842,51,729.126663
0.43159,51,729.802044
-8.361241,51,730.479318
-4.065833,51,731.161279
3.493384,51,731.835251
3.991443,51,732.517395
1.536592,51,733.190667
1.565784,51,733.868285
3.085657,51,734.549153
-6.523107,51,735.23209
-3.228744,51,735.910114
1.824363,51,736.608599
-3.684122,51,737.312073
1.378338,51,738.030522
2.710154,51,738.745736
2.728448,51,739.445032
-7.954519,51,740.138794
4.317378,51,740.839527
1.82493,51,741.610642
-0.814101,51,742.307262
-2.372769,51,743.041682
0.715399,51,743.742427
-1.43274,51,744.446069
5.878603,51,745.106841
-0.26569,51,745.770964
-3.37592,51,746.439129
2.814373,51,747.11024
-5.076705,51,747.794645
0.667036,51,748.510954
-0.090105,51,749.234249
2.209979,51,749.941173
-2.029406,51,750.638334
1.146981,51,751.329767
1.011396,51,752.01945
3.561663,51,752.679779
-4.068938,51,753.346999
-0.397318,51,754.020539
6.342897,51,754.718832
-0.555286,51,755.39997
0.061506,51,756.070862
-1.277549,51,756.753187
1.287294,51,757.437855
9.509015,51,758.111689
5.245826,51,758.784352
8.495744,51,759.460952
5.319807,51,760.139302
-2.86382,51,760.82156
1.633089,51,761.506022
5.515437,51,762.185331
1.293112,51,762.857004
5.483986,51,763.52648
-6.759091,51,764.203134
-0.044023,51,764.879872
-2.566032,51,765.580389
0.06114,51,766.256096
3.531244,51,766.929159
3.057414,51,767.62447
1.937157,51,768.304474
3.50432,51,768.985399
-3.642812,51,769.675363
-0.754097,51,770.357684
-10.20736,51,771.064507
0.672618,51,771.76607
-1.188236,51,772.460188
-2.073655,51,773.140241
4.663624,51,773.835169
-1.47524,51,774.543716
-2.682505,51,775.261103
1.916722,51,775.994148
4.149707,51,776.706105
3.106877,51,777.401961
-7.817342,51,778.097749
6.608569,51,778.779522
-0.982351,51,779.454776
-11.664969,51,780.142493
-3.051972,51,780.839438
-0.438215,51,781.530276
-8.372526,51,782.215732
-5.994186,51,782.91075
0.732653,51,783.606786
2.020998,51,784.346706
4.530659,51,785.068835
-3.388318,51,785.781145
0.335361,51,786.45344
2.670155,51,787.146493
-5.20951,51,787.841964
4.059518,51,788.539969
1.457371,51,789.23226
0.506314,51,789.934768
1.612357,51,790.62185
-3.484207,51,791.311604
-8.713582,51,791.996684
-10.19715,51,792.670495
0.738886,51,793.366764
2.477319,51,794.051521
1.007751,51,794.755616
3.164123,51,795.433436
-10.275905,51,796.109465
-3.069425,51,796.79835
-2.280245,51,797.480516
2.460165,51,798.177148
5.532745,51,798.835417
4.372606,51,799.517263
-6.273353,51,800.211174
3.152612,51,800.883148
6.592438,51,801.586026
0.506442,51,802.260882
4.29124,51,802.935526
-4.725955,51,803.604595
3.387412,51,804.288404
-1.735118,51,804.966799
-9.259022,51,805.646066
3.743218,51,806.316443
-1.944714,51,807.011323
8.880239,51,807.687356
1.651187,51,808.37905
-2.546918,51,809.065816
7.071596,51,809.742074
-5.008826,51,810.421812
2.205899,51,811.121065
0.176737,51,811.810218
1.821693,51,812.490404
3.728177,51,813.175844
-3.113791,51,813.843183
-2.733185,51,814.524776
-3.766205,51,815.208875
-2.427534,51,815.891213
-0.426424,51,816.565384
0.309049,51,817.254803
-5.404698,51,817.92254
5.29707,51,818.597845
-3.445248,51,819.27985
-4.556696,51,819.955151
7.694866,51,820.635787
7.278189,51,821.317328
-1.618017,51,822.004321
-5.558714,51,822.701799
2.797333,51,823.393354
2.521254,51,824.078065
9.885668,51,824.749058
-1.884491,51,825.439144
2.551087,51,826.133389
2.901127,51,826.818678
-2.662533,51,827.49012
-5.033728,51,828.177225
7.789287,51,828.855792
-9.488501,51,829.530889
0.029018,51,830.21527
-0.442055,51,830.892609
2.56373,51,831.573812
-3.784948,51,832.261508
5.260812,51,832.939398
-2.442274,51,833.635764
-2.477703,51,834.348485
1.592293,51,835.063544
2.15631,51,835.776103
-6.8182,51,836.462889
0.805414,51,837.134746
2.376899,51,837.816937
1.436154,51,838.516251
5.609071,51,839.21135
6.212853,51,839.895012
-0.6658,51,840.5766
5.02979,51,841.259025
-9.577368,51,841.946034
1.912128,51,842.675367
7.160089,51,843.404932
2.543002,51,844.102973
2.699541,51,844.806684
1.648037,51,845.536559
1.928095,51,846.222862
-2.768523,51,846.942624
-1.975859,51,847.687908
-2.548166,51,848.388614
7.430804,51,849.074575
-0.821477,51,849.759311
0.677415,51,850.448303
0.902298,51,851.146816
-4.945119,51,851.839674
-3.22909,51,852.532949
-5.471124,51,853.249118
3.129397,51,853.987379
-1.36489,51,854.703654
4.34309,51,855.438285
-7.104823,51,856.121534
-15.323102,51,856.804587
2.328566,51,857.466483
-8.729656,51,858.156329
-0.39883,51,858.837301
5.811811,51,859.51296
-2.58747,51,860.191111
6.579532,51,860.870382
-5.100035,51,861.561934
-2.538758,51,862.244687
-4.088079,51,862.915936
-6.126145,51,863.604099
1.173949,51,864.310605
3.493451,51,865.00855
6.065909,51,865.687804
-0.295512,51,866.399267
-3.32965,51,867.089461
2.004658,51,867.783341
1.250971,51,868.484492
-6.433247,51,869.17623
-3.754476,51,869.861258
-0.240155,51,870.625031
-2.703379,51,871.316177
6.077528,51,872.003806
0.278227,51,872.684605
-0.422408,51,873.373782
0.190734,51,874.059098
-0.692382,51,874.754436
-4.706018,51,875.487286
-5.06851,51,876.17279
1.54667,51,876.888301
-5.741063,51,877.605563
0.607537,51,878.287898
4.382211,51,878.95498
-1.913164,51,879.64368
-0.655911,51,880.31162
-2.672742,51,880.985875
7.797891,51,881.663564
-4.359476,51,882.357824
-9.701741,51,883.039703
0.21467,51,883.725093
-2.833542,51,884.42767
-0.301005,51,885.119191
-5.04707,51,885.794384
0.210653,51,886.477361
2.767928,51,887.155222
3.894472,51,887.846915
-5.368078,51,888.554081
2.198134,51,889.248315
0.100602,51,889.940167
-1.141611,51,890.642828
0.73169,51,891.334598
-2.962256,51,892.023896
-2.748533,51,892.703112
0.910377,51,893.393778
-2.123287,51,894.071345
3.595047,51,894.755586
-2.654176,51,895.439334
2.858825,51,896.106369
-4.952593,51,896.783099
4.538802,51,897.459453
-4.603101,51,898.133542
-9.201016,51,898.812518
1.364102,51,899.493647
-0.604768,51,900.181725
-2.632649,51,900.864593
7.747244,51,901.572628
2.508781,51,902.250754
-4.003045,51,902.936219
-0.372712,51,903.614034
2.02217,51,904.315416
2.97424,51,905.015169
-1.667956,51,905.700111
1.887033,51,906.386055
10.046826,51,907.060046
0.566762,51,907.729694
3.653773,51,908.414111
-0.98281,51,909.095969
6.055168,51,909.771077
6.348854,51,910.458337
-1.300089,51,911.147658
-1.964132,51,911.823018
-0.051385,51,912.519603
0.864455,51,913.198986
-1.580212,51,913.869245
4.640473,51,914.547405
1.597781,51,915.242636
1.060492,51,915.91229
-2.040502,51,916.586225
6.606602,51,917.253585
-6.751964,51,917.929271
0.623211,51,918.62079
-1.59269,51,919.307339
3.618099,51,919.985763
0.911165,51,920.668743
6.286775,51,921.362736
6.480169,51,922.061121
2.690279,51,922.758874
10.909688,51,923.435974
1.510056,51,924.125024
-5.964263,51,924.812864
-0.792939,51,925.496055
5.784951,51,926.163802
-3.134855,51,926.84583
-0.51324,51,927.50909
-5.44633,51,928.191528
-3.871616,51,928.884822
2.280784,51,929.566778
-3.520006,51,930.242881
-2.964433,51,930.936328
-14.632744,51,931.613761
-0.659796,51,932.292697
-8.007276,51,932.979321
6.80507,51,933.66782
3.684854,51,934.352046
1.061903,51,935.042246
-0.499951,51,935.735206
2.076629,51,936.41243
8.46895,51,937.104615
5.466373,51,937.764306
-2.535854,51,938.448165
9.572409,51,939.116307
-1.681041,51,939.78835
0.587851,51,940.476626
-10.603166,51,941.151756
5.006191,51,941.822665
4.741982,51,942.510887
3.34348,51,943.176924
4.534077,51,943.84856
-1.967139,51,944.530394
-1.396217,51,945.219682
1.162624,51,945.890559
1.359493,51,946.56043
-5.764467,51,947.23219
1.194039,51,947.914325
1.173328,51,948.605455
-5.288815,51,949.271462
4.769416,51,949.951177
0.172925,51,950.63591
1.098931,51,951.31498
-0.33659,51,951.997587
-1.826121,51,952.724236
2.967064,51,953.418505
-7.407098,51,954.121715
-0.807489,51,954.803657
4.610647,51,955.50618
-0.728205,51,956.193586
1.182126,51,956.868201
6.786228,51,957.546681
-3.773125,51,958.235411
-2.144413,51,958.912228
-3.765169,51,959.593741
5.092822,51,960.280498
1.303595,51,960.959854
5.413791,51,961.637469
-11.303186,51,962.320081
1.730618,51,963.00141
1.767246,51,963.695706
-3.643655,51,964.393406
0.08034,51,965.066132
-5.330657,51,965.781393
-2.874026,51,966.49038
-3.467449,51,967.173989
2.287792,51,967.889424
1.733197,51,968.596806
12.167617,51,969.283595
-2.940097,51,969.959192
-3.404428,51,970.658892
3.228937,51,971.343513
1.715624,51,972.022691
2.707451,51,972.705216
4.642126,51,973.375916
5.742511,51,974.036859
8.231638,51,974.69313
-4.919115,51,975.350496
5.853377,51,976.007242
0.578518,51,976.67096
-1.878375,51,977.331687
5.28561,51,977.989008
1.507292,51,978.648542
1.58158,51,979.307232
-4.99599,51,979.967923
-1.530423,51,980.626839
4.991765,51,981.293417
-0.225748,51,981.961726
1.699327,51,982.633865
-4.014037,51,983.305783
-13.473961,51,983.974847
-2.805377,51,984.646196
-2.69868,51,985.310062
-1.533687,51,985.966806
-1.063267,51,986.626103
7.102831,51,987.283549
-4.142908,51,987.936818
-1.7792,51,988.621379
7.715901,51,989.299744
0.77518,51,989.969838
-1.645886,51,990.650073
7.375555,51,991.339923
-1.26724,51,992.009625
6.085198,51,992.693402
1.081117,51,993.381275
2.735826,51,994.05782
-3.876837,51,994.743497
4.562779,51,995.431475
0.240762,51,996.111241
-2.768426,51,996.791137
3.337508,51,997.456051
1.937389,51,998.1353
-0.460069,51,998.804396
1.492338,51,999.481129
8.098197,51,1000.163186
2.059197,51,1000.851609
-1.885279,51,1001.540186
-0.889036,51,1002.226665
-6.349395,51,1002.907823
-1.895531,51,1003.586035
1.290984,51,1004.259967
0.877707,51,1004.95001
7.55788,51,1005.634849
-1.557808,51,1006.309541
2.255659,51,1007.001401
9.4351,51,1007.685347
3.44438,51,1008.373894
2.912987,51,1009.060569
-4.223024,51,1009.76684
9.794696,51,1010.430067
2.982245,51,1011.108206
3.907765,51,1011.795419
2.573719,51,1012.474038
-3.26437,51,1013.135467
-0.047032,51,1013.802785
2.602719,51,1014.484903
-0.076572,51,1015.158049
-5.173028,51,1015.821382
-2.473481,51,1016.485402
4.461766,51,1017.151086
-5.554663,51,1017.818295
8.587572,51,1018.488192
-1.217991,51,1019.153902
-0.092531,51,1019.821005
3.120216,51,1020.485772
3.621606,51,1021.148992
-0.898683,51,1021.812863
-2.28817,51,1022.471516
-4.377072,51,1023.131093
-0.467703,51,1023.795094
4.850718,51,1024.458812
-2.019414,51,1025.12071
-5.518827,51,1025.780274
-4.088199,51,1026.440147
0.490785,51,1027.100311
3.919239,51,1027.75915
4.958663,51,1028.417753
-0.886333,51,1029.080264
-4.541919,51,1029.741212
-4.194844,51,1030.401845
-8.715766,51,1031.061138
3.099195,51,1031.727429
5.513539,51,1032.386601
-8.102145,51,1033.046583
0.271214,51,1033.708782
-0.443891,51,1034.387448
-0.792049,51,1035.053351
3.486722,51,1035.709678
-2.714768,51,1036.375612
8.390479,51,1037.041729
3.490437,51,1037.714015
-2.335329,51,1038.379749
-2.513553,51,1039.039192
-4.371305,51,1039.707194
1.209805,51,1040.368567
1.090763,51,1041.030688
3.899782,51,1041.690618
3.727787,51,1042.350532
-8.421019,51,1043.012503
0.648559,51,1043.695849
0.980798,51,1044.366484
6.825029,51,1045.038321
2.173586,51,1045.71047
0.114644,51,1046.382838
2.800525,51,1047.054607
-4.315655,51,1047.723628
3.406152,51,1048.409362
2.793989,51,1049.081793
2.583872,51,1049.765521
-0.228403,51,1050.453413
-0.152579,51,1051.129334
-0.240785,51,1051.823083
2.747362,51,1052.523013
-3.162419,51,1053.192637
3.711569,51,1053.867137
-1.493606,51,1054.541559
3.576872,51,1055.232882
-0.135948,51,1055.905608
-6.129214,51,1056.597009
-0.32816,51,1057.284387
-0.069558,51,1057.96344
-4.644877,51,1058.653014
-0.890605,51,1059.351712
8.01173,51,1060.06132
-2.015448,51,1060.770419
-9.11785,51,1061.476836
-3.909433,51,1062.178294
2.644476,51,1062.88055
4.239104,51,1063.592125
3.607397,51,1064.283063
1.379314,51,1064.976788
-1.962877,51,1065.704121
-4.111555,51,1066.415545
3.627283,51,1067.119605
-5.162098,51,1067.853691
0.229221,51,1068.558039
1.553609,51,1069.252341
-0.767843,51,1069.994728
2.739666,51,1070.724958
-0.062127,51,1071.475918
1.919517,51,1072.160433
-0.490213,51,1072.855614
-3.283019,51,1073.549497
-0.064467,51,1074.264447
-3.340626,51,1074.94083
0.375732,51,1075.645064
0.096714,51,1076.314821
-2.250606,51,1076.997528
4.974589,51,1077.680018
5.654402,51,1078.37219
-2.700548,51,1079.061625
0.255509,51,1079.727507
-4.16535,51,1080.402431
4.065132,51,1081.066514
-0.713273,51,1081.754968
4.26586,51,1082.412821
-2.033975,51,1083.10807
2.90911,51,1083.786224
6.457567,51,1084.473124
-1.646617,51,1085.161349
-0.523301,51,1085.841783
0.554744,51,1086.529287
-12.258451,51,1087.208254
0.74188,51,1087.877177
-10.995672,51,1088.566134
-0.532669,51,1089.236668
-3.222824,51,1089.906623
2.78058,51,1090.582408
-1.844533,51,1091.26334
4.263258,51,1091.960781
3.284027,51,1092.640871
-2.006393,51,1093.310897
-1.079937,51,1094.00175
5.89648,51,1094.695835
3.694117,51,1095.377519
1.037749,51,1096.049036
2.688702,51,1096.710535
0.329461,51,1097.370133
2.822269,51,1098.029195
1.161084,51,1098.688001
1.388226,51,1099.352656
-2.710291,51,1100.013951
-3.048426,51,1100.71897
5.007827,51,1101.404911
-1.485427,51,1102.089498
7.21755,51,1102.775646
-6.63451,51,1103.459612
2.96253,51,1104.144928
0.351757,51,1104.828623
-0.57496,51,1105.516136
-0.099485,51,1106.196491
-0.90489,51,1106.872882
7.643646,51,1107.544865
-1.57915,51,1108.218675
-4.205474,51,1108.893389
5.59816,51,1109.565154
2.257226,51,1110.223452
2.124154,51,1110.908318
7.790115,51,1111.587628
3.877575,51,1112.244693
-3.669681,51,1112.900562
0.919004,51,1113.561572
-11.044007,51,1114.219362
6.616874,51,1114.881757
2.534259,51,1115.541555
3.833445,51,1116.20108
-5.206838,51,1116.856594
2.173614,51,1117.512889
3.118358,51,1118.174596
-4.562299,51,1118.836782
3.25061,51,1119.495361
4.923201,51,1120.15416
-3.66827,51,1120.821919
4.940526,51,1121.483914
-2.052758,51,1122.151078
1.277291,51,1122.820093
-1.488992,51,1123.490295
-5.408023,51,1124.159281
3.823518,51,1124.831194
1.513756,51,1125.503579
-3.740337,51,1126.180103
0.532004,51,1126.852801
-7.717114,51,1127.527456
3.261398,51,1128.198959
-9.597346,51,1128.875614
-0.914456,51,1129.545678
6.011134,51,1130.217441
0.234272,51,1130.888765
-5.234785,51,1131.558354
4.120396,51,1132.229394
1.486942,51,1132.895022
3.213856,51,1133.563225
-1.4162,51,1134.232575
-9.543474,51,1134.894813
3.732669,51,1135.55854
-7.434135,51,1136.224335
-1.768371,51,1136.897396
2.226513,51,1137.557996
6.137816,51,1138.218688
6.842082,51,1138.87715
-3.149419,51,1139.569474
-4.942122,51,1140.234747
5.460807,51,1140.902141
5.455902,51,1141.57005
-2.838985,51,1142.24298
2.675557,51,1142.912885
0.305983,51,1143.579365
0.728079,51,1144.246401
-2.819286,51,1144.912489
2.71543,51,1145.580244
1.12822,51,1146.248203
-2.558166,51,1146.91158
3.671513,51,1147.596001
1.163697,51,1148.263719
0.466967,51,1148.921386
-1.439854,51,1149.580155
-2.153753,51,1150.239393
5.485045,51,1150.895997
2.888555,51,1151.550863
1.435233,51,1152.206553
0.225624,51,1152.862522
0.765159,51,1153.533738
0.821455,51,1154.19239
4.243562,51,1154.848682
7.21306,51,1155.51541
-1.293404,51,1156.180291
-0.133601,51,1156.849853
-3.56361,51,1157.523182
-4.763662,51,1158.195119
-2.688691,51,1158.866705
5.165386,51,1159.538913
1.372823,51,1160.218768
4.90455,51,1160.901456
4.403158,51,1161.573526
-6.113606,51,1162.242513
0.777266,51,1162.909868
-6.451946,51,1163.577194
-4.009026,51,1164.24599
2.608696,51,1164.917085
1.14858,51,1165.598127
-6.194026,51,1166.268322
1.425002,51,1166.944477
9.203828,51,1167.610744
6.147725,51,1168.27528
-6.747229,51,1168.943193
-0.736979,51,1169.610588
-6.757067,51,1170.279087
-1.4109,51,1170.955404
3.120126,51,1171.627992
0.765106,51,1172.297597
-0.852763,51,1172.965506
-1.09961,51,1173.633077
1.945864,51,1174.301698
0.598121,51,1174.969399
-1.732022,51,1175.636962
0.494986,51,1176.302936
0.990961,51,1176.971156
-7.143575,51,1177.640282
0.744526,51,1178.3127
3.579018,51,1178.984393
-2.489822,51,1179.659329
-0.2334,51,1180.334414
-3.651758,51,1181.030357
3.761911,51,1181.705023
1.225458,51,1182.389629
4.683506,51,1183.061512
-4.424088,51,1183.737887
4.676369,51,1184.407146
-1.506907,51,1185.075041
-4.238398,51,1185.740833
2.961013,51,1186.403373
2.1797,51,1187.062551
4.034634,51,1187.726739
0.693551,51,1188.389859
2.222774,51,1189.054403
-3.993723,51,1189.723644
2.693255,51,1190.388573
8.655024,51,1191.060672
5.633154,51,1191.73141
2.94235,51,1192.409672
3.961715,51,1193.088839
0.995665,51,1193.763835
0.864062,51,1194.443521
-2.145952,51,1195.119154
-3.840945,51,1195.785225
-3.073493,51,1196.453684
0.57332,51,1197.121119
-2.341436,51,1197.790982
-2.222559,51,1198.456383
1.736123,51,1199.128127
3.082616,51,1199.794958
5.500646,51,1200.464571
2.853595,51,1201.133507
-3.198201,51,1201.800596
2.016716,51,1202.470788
0.525907,51,1203.137153
6.323616,51,1203.807085
1.941881,51,1204.472575
-4.298297,51,1205.137836
8.437822,51,1205.805481
4.129616,51,1206.471504
-0.498453,51,1207.136108
6.126966,51,1207.802379
4.01596,51,1208.468924
0.929357,51,1209.137727
-1.044739,51,1209.813575
-3.341737,51,1210.479999
5.248209,51,1211.142558
5.617359,51,1211.807519
-1.692996,51,1212.471564
2.577187,51,1213.13516
-7.31963,51,1213.799777
-0.122251,51,1214.465411
1.641367,51,1215.148517
4.467777,51,1215.830662
-1.63158,51,1216.513789
-1.684877,51,1217.19889
3.41712,51,1217.885998
5.739366,51,1218.573384
5.919657,51,1219.260694
0.984955,51,1219.947755
4.579059,51,1220.603963
-2.353884,51,1221.284193
-5.920251,51,1221.956881
-4.280867,51,1222.636614
-3.047727,51,1223.29726
-5.472594,51,1223.979553
-1.216905,51,1224.655799
3.433976,51,1225.33816
5.998243,51,1226.032207
0.512892,51,1226.725279
-3.023534,51,1227.417164
3.94645,51,1228.11901
-1.765303,51,1228.790651
3.768193,51,1229.471582
2.704854,51,1230.172528
3.504312,51,1230.859184
7.29921,51,1231.558789
0.723541,51,1232.256079
-3.743291,51,1232.949512
-0.097347,51,1233.634007
-0.44234,51,1234.303127
-4.565112,51,1234.982529
6.932238,51,1235.635442
-2.426657,51,1236.312198
-2.48034,51,1236.971686
-1.983723,51,1237.649093
0.070682,51,1238.323146
5.062605,51,1238.999146
-2.718122,51,1239.663632
0.116854,51,1240.340832
1.967893,51,1241.010598
-3.031608,51,1241.687908
1.392555,51,1242.363382
-1.444511,51,1243.050468
1.696664,51,1243.72747
-2.544023,51,1244.397236
-3.745975,51,1245.077656
3.124982,51,1245.733451
-2.952192,51,1246.393121
-11.16814,51,1247.060741
6.325694,51,1247.734506
7.137179,51,1248.405257
-2.240361,51,1249.093054
7.813698,51,1249.764258
-0.251597,51,1250.454008
3.949977,51,1251.152776
-1.545653,51,1251.849729
4.006923,51,1252.547201
-2.337939,51,1253.263005
-0.833667,51,1253.979174
0.274728,51,1254.699744
1.279011,51,1255.418612
9.624501,51,1256.093914
-1.48837,51,1256.768507
2.196137,51,1257.433319
-2.853565,51,1258.103493
6.482357,51,1258.774713
3.026281,51,1259.442997
-4.201329,51,1260.112092
7.708893,51,1260.777313
3.99563,51,1261.445687
0.573868,51,1262.111437
-5.452125,51,1262.793142
5.198815,51,1263.459963
-7.711367,51,1264.12175
3.580538,51,1264.789961
0.801546,51,1265.4743
-3.859019,51,1266.181358
5.313448,51,1266.875875
0.357655,51,1267.568047
6.180097,51,1268.257289
-4.409189,51,1268.942023
3.040938,51,1269.63545
-2.201834,51,1270.32922
-1.365697,51,1271.016567
6.961752,51,1271.705294
-4.566252,51,1272.408548
-0.682187,51,1273.097488
7.767743,51,1273.790795
1.423186,51,1274.483415
-1.287565,51,1275.183015
-9.482977,51,1275.872647
-0.471946,51,1276.562039
-0.385729,51,1277.221179
8.054486,51,1277.901324
4.279837,51,1278.59411
-4.37653,51,1279.290282
-5.449134,51,1279.993451
2.187204,51,1280.69689
3.649428,51,1281.403946
2.077213,51,1282.109984
-1.654389,51,1282.810478
-2.288564,51,1283.516785
3.122596,51,1284.221627
6.222728,51,1284.912276
0.970538,51,1285.60407
2.409703,51,1286.296072
5.027655,51,1286.988142
3.114954,51,1287.692869
-0.174378,51,1288.393106
4.001732,51,1289.082998
-1.820742,51,1289.767718
-2.675721,51,1290.445652
5.830642,51,1291.127529
-1.60441,51,1291.802402
-0.719865,51,1292.495089
-0.158532,51,1293.176449
-0.462568,51,1293.868856
-4.377722,51,1294.576881
0.936861,51,1295.282037
-1.82697,51,1295.953974
0.556632,51,1296.626273
0.821231,51,1297.303124
7.812888,51,1298.016475
-3.886882,51,1298.693971
3.208173,51,1299.373163
0.55838,51,1300.065125
0.469926,51,1300.763757
3.347722,51,1301.464027
-9.433186,51,1302.164022
3.218963,51,1302.870299
5.012912,51,1303.569968
-1.47843,51,1304.261106
2.123523,51,1304.960354
8.121028,51,1305.639538
0.683567,51,1306.339357
-0.755845,51,1307.047351
7.488683,51,1307.749326
-1.260198,51,1308.444555
6.196071,51,1309.147466
-0.076889,51,1309.886111
-1.191764,51,1310.566641
3.986248,51,1311.247429
5.780261,51,1311.91853
7.798261,51,1312.594227
0.881053,51,1313.263293
-5.712542,51,1313.935628
-1.994286,51,1314.608776
-0.695295,51,1315.29965
2.118858,51,1315.973089
-4.585936,51,1316.653501
0.649414,51,1317.325655
5.415291,51,1318.004187
-4.170277,51,1318.700923
-1.115595,51,1319.405001
-2.393887,51,1320.089947
-0.98449,51,1320.774908
-8.878734,51,1321.475971
1.599181,51,1322.168168
6.058627,51,1322.903577
1.461357,51,1323.610959
2.077839,51,1324.315045
-8.256346,51,1325.021211
7.226316,51,1325.734497
5.41361,51,1326.454158
6.879212,51,1327.157325
0.362527,51,1327.870059
-2.311111,51,1328.576323
3.601242,51,1329.283483
-3.059445,51,1329.99263
-9.676976,51,1330.698744
-0.914261,51,1331.396828
0.432825,51,1332.107013
-1.660286,51,1332.819604
-0.599348,51,1333.490708
7.518459,51,1334.171842
-1.161606,51,1334.849489
-3.792653,51,1335.540373
6.161466,51,1336.246632
-0.767437,51,1336.918078
-5.010981,51,1337.604222
-2.639426,51,1338.310008
-6.417663,51,1339.012663
1.518808,51,1339.718708
1.138004,51,1340.414971
2.114409,51,1341.07939
-3.207023,51,1341.746056
3.852058,51,1342.416699
0.297317,51,1343.080531
2.590606,51,1343.752739
3.418351,51,1344.449735
-2.516736,51,1345.127217
7.575007,51,1345.796716
8.919957,51,1346.46865
-1.104836,51,1347.192121
3.582896,51,1347.882999
-1.737398,51,1348.55306
5.165285,51,1349.230881
0.854436,51,1349.904988
4.222998,51,1350.594706
3.173171,51,1351.264539
1.658215,51,1351.934511
-3.319848,51,1352.602377
7.280935,51,1353.267468
1.243756,51,1353.929115
7.045396,51,1354.594393
-1.858722,51,1355.259388
4.778572,51,1355.925169
2.675936,51,1356.590879
-1.00454,51,1357.257867
5.729242,51,1357.923085
-4.448462,51,1358.586756
-7.996919,51,1359.248199
0.641714,51,1359.914286
15.372164,51,1360.574271
7.140953,51,1361.232345
3.930486,51,1361.893932
-3.077067,51,1362.555769
8.1775,51,1363.22899
-1.995755,51,1363.910882
1.142168,51,1364.58623
2.714044,51,1365.257568
-6.927594,51,1365.926872
-3.714174,51,1366.6081
2.833152,51,1367.277868
3.262439,51,1367.949471
5.547089,51,1368.623958
-4.19586,51,1369.303546
2.356057,51,1369.980467
1.173616,51,1370.651354
1.910623,51,1371.331747
2.175629,51,1372.011539
-0.75164,51,1372.697415
4.870453,51,1373.364647
4.666753,51,1374.022661
3.193011,51,1374.683494
1.675758,51,1375.349605
3.473414,51,1376.01626
-4.581382,51,1376.678002
-0.210574,51,1377.340673
1.075423,51,1378.001414
-2.325414,51,1378.66294
-5.401397,51,1379.325198
-4.798556,51,1379.99016
2.991207,51,1380.652045
-0.164757,51,1381.317182
-0.2545,51,1381.980593
5.306676,51,1382.644056
13.142479,51,1383.307967
-6.439976,51,1383.970877
3.767951,51,1384.636343
2.90341,51,1385.304344
1.024099,51,1385.967354
0.377246,51,1386.634087
3.875731,51,1387.298332
-0.712515,51,1387.96446
3.547552,51,1388.627247
6.519446,51,1389.290856
0.003918,51,1389.955439
4.568274,51,1390.618728
-9.09537,51,1391.27973
-1.975377,51,1391.945451
6.956401,51,1392.605228
3.280244,51,1393.265334
0.777842,51,1393.925955
0.944336,51,1394.586402
-2.793945,51,1395.247793
-1.940236,51,1395.910923
-2.199766,51,1396.575629
-0.31914,51,1397.253067
-6.265591,51,1397.917825
-3.354812,51,1398.584578
-2.868017,51,1399.249545
6.661037,51,1399.912243
4.390918,51,1400.575626
6.289609,51,1401.239182
20.914461,51,1401.905211
1.797435,51,1402.59151
-12.176687,51,1403.282046
0.90512,51,1403.966658
-6.184634,51,1404.63514
-10.620514,51,1405.303254
8.439192,51,1405.970376
-0.544826,51,1406.650475
-1.505286,51,1407.309662
-0.545754,51,1407.976275
5.678553,51,1408.641877
-4.638593,51,1409.322975
-5.254221,51,1410.002259
1.217008,51,1410.673913
-2.42424,51,1411.348712
3.325588,51,1412.02454
-1.550183,51,1412.69932
6.46479,51,1413.37334
-3.825719,51,1414.040851
6.068158,51,1414.70892
6.384722,51,1415.386311
2.630562,51,1416.064877
1.405253,51,1416.747144
-7.951182,51,1417.415085
6.309804,51,1418.087336
2.331,51,1418.766533
1.585399,51,1419.447026
2.856023,51,1420.111287
3.343078,51,1420.772077
2.290263,51,1421.438363
-2.659525,51,1422.103598
3.56784,51,1422.770364
8.72956,51,1423.433808
1.87258,51,1424.097275
-0.402829,51,1424.761162
2.773852,51,1425.421376
2.899109,51,1426.085272
3.75388,51,1426.751058
5.785131,51,1427.41602
-2.510818,51,1428.104764
-2.029905,51,1428.777029
-3.517656,51,1429.466711
3.831957,51,1430.143685
1.507906,51,1430.820983
-0.230249,51,1431.493775
-0.67827,51,1432.16963
6.658063,51,1432.858576
6.472005,51,1433.536781
-5.863438,51,1434.207612
0.358615,51,1434.898532
3.358423,51,1435.578991
1.001306,51,1436.299399
2.753999,51,1437.038756
-3.574858,51,1437.775334
-8.280294,51,1438.541771
4.927337,51,1439.223728
1.45571,51,1439.906392
2.330603,51,1440.588811
2.059611,51,1441.28605
-1.164962,51,1441.976296
5.533982,51,1442.659004
3.648892,51,1443.337767
5.767153,51,1444.0086
-0.778668,51,1444.677068
0.739753,51,1445.365113
-2.532969,51,1446.046193
-4.686024,51,1446.728765
-0.13848,51,1447.413485
-0.969559,51,1448.089349
-7.82566,51,1448.757867
2.940544,51,1449.425795
6.260501,51,1450.09545
-3.369335,51,1450.775311
6.995755,51,1451.462913
-0.106465,51,1452.137183
-8.036163,51,1452.803784
6.444706,51,1453.466467
1.778124,51,1454.144908
1.898426,51,1454.818206
1.636448,51,1455.500675
0.011079,51,1456.176588
6.68334,51,1456.877782
-0.113773,51,1457.556053
3.262531,51,1458.236203
6.273989,51,1458.909638
6.734175,51,1459.588836
4.555338,51,1460.265932
-0.017704,51,1460.953611
3.560644,51,1461.635692
-2.968967,51,1462.319206
4.701059,51,1463.011214
0.313426,51,1463.695362
0.516697,51,1464.383903
-3.394162,51,1465.067731
-3.999941,51,1465.742948
-4.448294,51,1466.419196
1.609819,51,1467.098064
-0.554971,51,1467.807024
-8.114245,51,1468.502664
6.566361,51,1469.171812
1.920562,51,1469.849833
-5.176913,51,1470.51467
4.071446,51,1471.199821
1.568512,51,1471.875461
1.430552,51,1472.555918
-3.639455,51,1473.251339
1.817811,51,1473.928781
-7.931767,51,1474.598558
7.545428,51,1475.287928
3.268047,51,1475.966645
-2.309744,51,1476.670596
-2.790635,51,1477.409087
-4.04173,51,1478.118113
0.23267,51,1478.807556
0.59716,51,1479.512424
-1.322495,51,1480.218267
0.880989,51,1480.897534
2.481234,51,1481.589621
-0.965951,51,1482.267573
6.64383,51,1482.997884
-2.677888,51,1483.692658
0.231558,51,1484.388964
1.92711,51,1485.083898
-3.08974,51,1485.768677
-7.194467,51,1486.46569
2.13595,51,1487.173009
-1.647117,51,1487.875128
2.156919,51,1488.5702
1.230686,51,1489.249817
-0.818224,51,1489.919977
-2.148128,51,1490.614126
5.211581,51,1491.310088
-3.909669,51,1491.984285
3.731481,51,1492.661108
1.688605,51,1493.351468
-5.026128,51,1494.071213
1.603363,51,1494.761084
-2.739804,51,1495.466541
8.646198,51,1496.156287
6.160763,51,1496.838448
5.469173,51,1497.517922
-7.673972,51,1498.191163
7.453387,51,1498.902336
1.918003,51,1499.594305
3.712782,51,1500.292063
-4.187935,51,1500.982813
-7.897004,51,1501.665608
3.647619,51,1502.342404
0.252417,51,1503.046344
2.458689,51,1503.70379
2.136209,51,1504.383529
6.87452,51,1505.065162
4.723921,51,1505.749587
0.422786,51,1506.431594
-0.711247,51,1507.109408
-0.072899,51,1507.798043
-0.571253,51,1508.467322
2.490773,51,1509.140466
1.049165,51,1509.812688
-12.98478,51,1510.510403
0.570249,51,1511.226861
-3.538195,51,1511.921995
0.598277,51,1512.603394
-0.251496,51,1513.281565
3.368432,51,1513.953018
-2.757067,51,1514.630338
2.204312,51,1515.316564
4.63804,51,1516.013636
5.008712,51,1516.69428
2.87835,51,1517.371931
5.100297,51,1518.061101
3.666754,51,1518.738837
2.005187,51,1519.426986
4.042099,51,1520.109907
-4.443898,51,1520.800166
0.369717,51,1521.469028
5.543186,51,1522.149434
8.080678,51,1522.843778
2.890277,51,1523.539991
8.077854,51,1524.214891
-1.325891,51,1524.921377
4.961233,51,1525.635212
3.987276,51,1526.344016
1.95823,51,1527.051285
3.941512,51,1527.733548
-3.931165,51,1528.414485
0.354011,51,1529.119122
2.403378,51,1529.811989
4.315338,51,1530.491728
-5.540885,51,1531.160467
4.545345,51,1531.843912
-0.64415,51,1532.52837
1.310506,51,1533.225789
-3.317229,51,1533.934396
7.06267,51,1534.615618
-3.440668,51,1535.295518
7.642397,51,1535.975547
4.735765,51,1536.660923
0.943207,51,1537.352843
-0.542797,51,1538.021858
-1.483485,51,1538.707525
-3.071058,51,1539.387576
-3.090716,51,1540.068941
-4.016395,51,1540.747158
1.839184,51,1541.428756
1.005152,51,1542.108113
-0.085035,51,1542.791322
6.16758,51,1543.46332
1.7005,51,1544.137745
4.227166,51,1544.811857
0.754388,51,1545.476926
0.027939,51,1546.170622
-5.541898,51,1546.84845
-5.588994,51,1547.534061
1.024759,51,1548.198827
4.74964,51,1548.867101
-3.38211,51,1549.552999
4.254855,51,1550.228631
4.732301,51,1550.897999
0.03036,51,1551.579456
2.908478,51,1552.245513
-0.900456,51,1552.912572
-2.818795,51,1553.58887
1.584685,51,1554.262204
-4.557666,51,1554.939876
-7.702503,51,1555.607181
-6.397561,51,1556.278694
4.106488,51,1556.955387
-0.511542,51,1557.632878
-1.715697,51,1558.335401
-5.283847,51,1559.00509
2.285133,51,1559.69172
2.656004,51,1560.387662
2.641771,51,1561.066789
0.021657,51,1561.751154
6.034357,51,1562.437847
5.714343,51,1563.132392
2.243345,51,1563.864581
2.247827,51,1564.59084
5.149486,51,1565.277751
7.588782,51,1565.967428
2.355768,51,1566.648489
-5.459345,51,1567.337039
11.793587,51,1568.021418
-0.778736,51,1568.723057
3.137646,51,1569.414165
0.39988,51,1570.10253
6.036242,51,1570.771329
7.675418,51,1571.447715
2.545861,51,1572.123588
3.094696,51,1572.796474
-9.019176,51,1573.463556
-4.028415,51,1574.159898
5.32336,51,1574.841367
-7.946248,51,1575.532899
2.271698,51,1576.22963
1.119012,51,1576.924569
3.342222,51,1577.609278
8.053322,51,1578.296635
8.502519,51,1579.005868
-7.002036,51,1579.679862
5.645349,51,1580.354459
4.082785,51,1581.037011
-0.385113,51,1581.703175
-8.177806,51,1582.376185
4.620412,51,1583.05522
-5.94729,51,1583.746234
-4.389752,51,1584.427973
1.374734,51,1585.10112
4.659219,51,1585.781768
-1.087895,51,1586.457666
7.643412,51,1587.130071
0.350398,51,1587.814538
1.07672,51,1588.525183
-1.284237,51,1589.200078
10.072678,51,1589.88415
4.013937,51,1590.578973
1.648314,51,1591.269812
-0.596269,51,1591.954881
3.407351,51,1592.625175
1.335232,51,1593.314903
3.084364,51,1593.9955
8.4072,51,1594.686277
5.191453,51,1595.349248
-7.430217,51,1596.032016
5.637447,51,1596.698323
4.026658,51,1597.384248
-1.500529,51,1598.085506
2.710073,51,1598.769591
-0.340857,51,1599.444835
16.002706,51,1600.11184
0.617595,51,1600.772558
4.586956,51,1601.433711
-1.317242,51,1602.095899
6.874563,51,1602.758247
-4.059593,51,1603.421654
2.72081,51,1604.082445
3.20911,51,1604.743684
-3.050449,51,1605.416129
-4.704838,51,1606.092536
0.730849,51,1606.768236
-10.499091,51,1607.442495
-8.143154,51,1608.11887
1.404278,51,1608.79079
2.153521,51,1609.476766
0.204783,51,1610.158298
4.6902,51,1610.838653
2.875248,51,1611.521633
1.634038,51,1612.229979
-6.4972,51,1612.967877
1.743295,51,1613.663674
4.0166,51,1614.361974
1.449691,51,1615.022897
0.47731,51,1615.695583
1.58622,51,1616.377004
-4.479158,51,1617.047124
3.288923,51,1617.721043
-3.839376,51,1618.399634
2.384888,51,1619.081333
-2.517408,51,1619.764367
2.788173,51,1620.461305
-0.052367,51,1621.137634
0.570742,51,1621.816726
-4.212888,51,1622.499209
-1.837888,51,1623.187667
-10.516587,51,1623.854862
2.416475,51,1624.512095
8.243618,51,1625.181177
2.159608,51,1625.843109
3.596376,51,1626.5209
5.308121,51,1627.177346
-9.706529,51,1627.840746
7.526994,51,1628.515355
-2.650454,51,1629.211502
2.307442,51,1629.880651
2.604308,51,1630.541308
1.371584,51,1631.209665
-0.282154,51,1631.882449
2.933672,51,1632.54544
0.697264,51,1633.213206
6.939736,51,1633.868671
1.115914,51,1634.521216
4.910522,51,1635.180572
-2.768388,51,1635.861343
3.661802,51,1636.529983
9.384319,51,1637.211446
-1.129834,51,1637.886758
1.681179,51,1638.555536
-0.068423,51,1639.220208
0.705598,51,1639.888891
1.7554,51,1640.546628
-0.028534,51,1641.211013
-0.7297,51,1641.880761
-6.993365,51,1642.546907
3.027361,51,1643.215335
6.210059,51,1643.888394
-2.075784,51,1644.565377
-7.718751,51,1645.228673
4.07519,51,1645.88621
-3.837288,51,1646.540869
4.159903,51,1647.197504
-1.687202,51,1647.855074
5.168427,51,1648.5199
2.355377,51,1649.152762
4.766928,51,1649.783726
-4.362643,51,1650.417261
-3.717798,51,1651.051133
3.525777,51,1651.689288
5.359988,51,1652.321509
1.166195,51,1652.952022
-0.395327,51,1653.583201
3.167697,51,1654.214703
5.463946,51,1654.847308
6.736436,51,1655.477791
-1.782442,51,1656.107088
-6.25364,51,1656.738035
-2.046694,51,1657.370296
